3
8 64
-0.0010187369578517915 0.0020995347188174267 -0.020401525116553645 -1.7187213191246304 -0.027962987619335002 2.3206057105342528 -3.4839313366618283 11.630994924404197
-0.0004265761165311058 0.0037697871698998821 -0.11067096724059586 -0.17940157516614316 -0.63549301854244 -0.89567862534387999 1.4738838822336344 -2.861943846676799
0.0058888258893292711 0.0024159911842208761 -0.16940504086096306 -0.087516100144428052 0.50390373994330961 -11.628444223765426 4.4509984203915662 7.4390393099413838
-0.00050572036501227266 -0.00086098620888124422 0.053519072676329708 -0.35074308098279428 -0.1667720499763288 14.795040609773743 -12.521320254866719 14.009533569402366
-0.011899956220669651 -0.0062858447066841579 -0.069581581093214537 -2.0419245890791475 -0.14777493234772474 4.6930341910362667 -2.7664547228910368 -1.2280872822389195
0.001665713024634446 -0.0015886462815878554 0.0030083311536327779 -2.5541215297983424 -0.11551773188341208 -5.793818405226788 5.8452281785253115 3.1154730178618775
-0.037993543280563216 0.0047288821409699443 0.1653161674484869 1.3954755395447396 0.27307860975910203 -0.77073910224333575 1.1316873138103316 0.61501495935216999
0.013734061925089367 -0.010893939790789169 -0.068997058836894651 -0.20040438730781548 0.37085467331332134 5.0767019032005667 -1.6970118923350797 1.9434471716484367
-0.0024771182686830588 -0.0062635227955880109 0.17028413708983309 0.14136304580689638 0.28325013357660656 -4.3192208792888094 -4.532597008808847 0.59472000387781432
-0.0026493926791272492 0.00030397874158724815 -0.11552731803805119 1.9633712850918303 -0.091268458960418672 3.111949320120424 -4.7841220873069776 -10.540409028249679
-0.031172532851102341 0.0062537290893838488 0.16755228294270305 -2.2722391910209092 0.1263134844429383 1.625816761502993 -0.31818072488184734 -1.1087947883656848
-0.0013750802924719695 -0.0030827909512577694 0.23462794752575811 0.62789283390614004 0.51219369694374761 -4.9654121719242434 0.053240580355470565 2.9741984930817682
0.0053355753238118111 0.0014057741228699909 -0.052884324812382338 -1.3123868751269288 0.24484759354239341 -3.6382150354093037 -2.600592047482861 3.5410641563463594
-0.033600696186542149 0.0077383937766001155 -0.16304134274221924 -0.083262811640771761 0.4767072024984626 10.978358291101504 -1.5332514871282661 0.62868110129071386
0.0038562390053193773 0.0036980088651100036 -0.056731587902359895 -2.0620161096375429 0.098734280016857884 -8.9103391881766747 2.4954712715240266 -0.52049139530000099
0.0095572164804992553 0.0068560221963355518 -0.14320151237780515 1.1474778626040054 -0.73987752513881933 1.5220263604820259 -5.6049706661555874 -1.5219430492180714
0.0026470507340357126 -0.0089420180596251377 0.022457218857567025 0.22262157118543463 -0.33532348659374051 -1.2605007683945399 10.103254720534135 2.8358853671234772
0.0028252913072411515 -0.0011933261681905947 0.094727907510523096 1.847221138251731 0.49633161758739125 16.607131130838635 2.5881125748751459 0.82773793657482964
0.0026100923815191072 -0.0058325697780186323 0.0066299612287031122 -0.018481511548628066 -0.30897763648184268 -5.8197251203072877 -14.282390961468222 -10.389509171450559
-0.011094033303617995 0.0016705186355735174 0.040662604415906599 -1.3095020974889211 0.4137322465856581 13.32742799515623 -5.4010808466290685 -3.4062717666182052
0.001575980169328911 0.0019667743864355755 -0.23975256056658725 -1.8825641294454853 -0.25781230530049848 0.6565369092983433 1.9980592598286906 3.4770036681632441
-0.046271722513076458 0.0024293133115962538 0.18725681481879464 -1.6823186912552348 0.19698003077155718 0.47650604087655934 0.17807348211121493 -0.44027976951089881
-0.008760628888457413 -0.0064517823945490658 0.10590650663561338 -2.0166808728521404 0.82741407178526172 -1.349292497833245 -0.70853095621409801 -1.229337038384277
0.0012364756165110973 0.002163092308691209 -0.0025924283375001874 -0.029440039304846712 -0.59530421763774277 -7.8489386648433364 -2.2958046383720139 -1.9831551292095633
-0.0069032101604895911 0.003325824264375886 -0.042106843966437352 -0.87149463037298747 -0.48814515571147266 18.338515059922802 -1.1414061594359941 6.6926085791694661
0.0055654846065095647 0.0060136486770240513 -0.08392941576981966 0.2446260797896056 -0.52033769152715414 4.6158217455384332 -9.8641944277893803 21.308459548717153
-0.005839143059114614 0.0027158886591053047 -0.0070339825313697254 -1.1801948634665944 -0.22555588711554908 -18.193900495622479 0.7902755867777449 16.396891169038472
-0.029068036563949171 0.0041097380082281724 0.5049837511385219 -1.9715224940916858 -0.13116666866175858 5.1216671976657731 -2.5299593559225566 -1.2029111045441112
-0.0079368709947783122 -0.0030536374881389716 -0.031058198728329527 -0.45299284727604322 0.028957776654925656 6.759369569461299 -2.4994291518114577 13.792331044625065
-0.0048166643155933223 0.0023644127464942256 0.08704636674964468 -0.06574213546642603 0.097857423915869893 8.5622831508350377 9.4954447121946171 -1.9131675659765619
0.00078888637278975689 0.0020658372015229056 -0.036821026206368061 0.0017731121714080421 -0.02226528124873009 -13.834302676022306 7.1489066929109821 -21.941055302579322
0.0067665672543255973 -0.0048331212062758498 -0.13786333739808287 1.3174284633836708 0.37440363520065661 2.8629208389838121 10.519199552145299 2.5402248562724101
-0.010058549462006058 0.0062470173490805506 -0.018257292133096542 0.24957447127293558 -0.29851902715234346 -19.13410236997024 6.3938378947081489 3.8958705067901738
0.00014273821350349299 0.0026342981918942143 -0.13246140900268888 0.99456842975325155 0.30756782340894878 -24.863382934200509 -2.3401302947537306 -10.246000090292538
-0.016963971727081448 0.0052543662381386328 -0.14181779572921588 -0.022587584061285998 0.40277416598844396 -0.78421381182793104 -4.2265012787436698 -2.7030741938086349
0.0058835139449471231 -0.00095501496619511438 -0.057548695837454686 1.2515829640381417 0.20482569268969272 5.04965859154174 -8.7767827100870495 8.918534160777897
-0.00082717798542246402 -0.00037318918814328644 -0.0068583288635657783 0.47021643214315145 0.21093109948347838 3.9132131801237211 -6.1393680394270431 -20.605665862393568
0.03331921079208007 -0.011546217315095218 -0.019272730899876269 0.22861732055057629 0.15787823917494917 3.0999470236531064 -1.659546368583487 -3.4153287806100088
0.0012242411076060515 -0.026170326090537949 0.1321628470981743 0.96694936819168598 0.44701769505218325 0.50688390915531079 -2.8662255571154431 -2.2279822911796963
0.0093568979950718646 -0.001674253635555662 0.10887962247742558 1.2439663143086011 -0.65941745077392566 -1.163947640322363 -0.96399313551383148 -17.611397504277456
0.012450488572546277 -0.0022673999068592919 -0.19139513139715839 0.93011127883069722 0.96991570646161107 -0.30061236677284453 1.5740593956614646 0.38833313183749985
0.035159883283766229 -0.0083973498883733403 -0.3312862104082801 0.55836356384847963 0.11347916105807049 -4.3760066941665778 3.8696083116302034 1.1904466295515983
-0.0056232250812226492 0.005949513157648279 0.056144931807774995 -0.46192613676076605 0.07399758127231347 -2.2104366339471166 16.024440267616427 5.2394576719157788
0.0052000813225179772 0.0018029419335393779 0.073341580180398047 1.1634949582864766 -0.079172971758516661 -15.284987564233582 -1.0528051708190582 17.558018114241527
-0.013551900142514922 4.4346475242978487e-05 0.099716558121376572 0.074140515279044042 0.040625457875557255 -13.471070236030322 -7.5576690271404852 0.60096581512765701
0.0052209878030812255 -0.016818242498772153 -0.11233267128195619 0.8142991561213595 0.29906735521015104 -16.844524236476499 19.89261817415305 -1.9737567334064561
-0.012603911062877397 -0.00086794162865554592 -0.12582558647486142 0.57459424892337263 -0.49062119281416378 -5.0794413600029431 3.2883216125480899 -4.2333661364620463
0.0020418427016584534 0.0020488622766783042 0.0059858387468460436 0.12469529927040472 0.13157049431704823 6.7288159118304431 -5.0283238692607348 21.790681558578246
0.013883136621518067 0.004062447567572766 0.03181806194739692 2.2081600515607844 0.025158630782767311 -0.88674500575872306 -0.06322191431895699 -0.65425864685302881
0.003125372445924647 -0.0020951825190293955 -0.11205862592660348 0.22696568776173845 0.26241921182559586 -1.9356015068884382 -2.0490697349765856 14.157123928687914
0.0021179443289633336 0.00053232533255411722 -0.0032754091510197743 1.5672505982203939 0.045225511116701617 1.4411272567917863 5.7377248100524776 14.202540181045068
-0.0091403202033688378 0.0033374318380324621 -0.16192842575686858 0.31465864379926023 0.88783661706026462 17.244889730599088 0.28324920507445295 2.4513994308667093
-0.0011233488048922817 -0.0016357391534956398 -0.036945557043593619 2.3217097534511133 -0.10381538753923303 0.35774745534404856 1.2323348267744811 9.8771002979795668
0.0083905324440981671 -0.0060030054548038149 -0.065377240518912957 -1.9552467307056318 0.014333751774707805 15.669002569096712 -3.2314947252623996 10.065011150252662
0.014997026403156212 -0.0046259677019769097 0.015889882000825466 -0.8523190549890084 -0.078398407766820971 -15.926722316232627 0.95249652273871677 -4.560743009659098
-0.016846130088568764 -0.0053182513429388695 0.0088463536859666649 0.88640954906174363 0.18475609993389974 -9.1248026833361173 0.71502732056535823 -7.0564950341377246
-0.0011308384309144271 -0.0017075193466778683 0.073690933975365913 0.032033102738289708 0.18456537026362849 -9.0283065875421507 -0.32427493864846269 15.985657341467789
-5.7110683922923422e-05 0.01528527226183516 -0.15838458609786316 0.26569603486738264 -0.39672285865353302 1.7464366738695718 -1.8468221781301928 -7.7404608551532084
-0.0030242017819753809 -9.4682792946830158e-05 0.10776060954215573 -0.56030460429635542 -0.44688029548293728 -11.88856957465276 -7.6820153905280053 25.871653135697329
0.014734782283287069 -0.0023284857972629852 0.16470106472460039 -2.0676718918931645 0.13837914797753093 6.308889235016772 2.378430431421334 4.1394982427298688
-0.00564956611788635 -0.0020150559849906493 -0.095258517058372294 1.8718693026159445 -0.089335035155079581 -11.34158082450919 11.120799634773519 4.5939476725395023
-0.0055401121342892115 -0.0074676169842165744 -0.13096769224989932 -0.012534954278920762 1.0452371637051394 -14.986439192998841 1.9730269158602844 -2.4502431743732216
-0.0093542895859508104 -0.0057745089502651854 0.25344781442574765 0.050237653733521313 -0.12826823471274737 -7.4787667606314114 1.8543058155978887 -0.42639257169890171
0.0090724347470060359 -0.0069043049085696553 0.10299698929862537 0.24984639425080465 -0.63397314676256833 -6.9531691591741147 -0.28269454147790185 -2.7924023176127499
-0.27169166819854884 0.76423758454299984 -1.7757108948668916 -0.47820389260471108 3.6686979715514543 -0.14103044043850305 8.1149744827334445 -2.9435871412000796 0.51313517969691025 1.0858253441711299 7.3811192800531096 -1.4765185646555676 -1.7296402739778642 7.7172736614492115 -0.72549344674407412 -2.4502992870173474 0.12269108097690563 -2.2445531559682204 1.2477799253919144 2.8580409695535427 0.064386985578735123 10.282531769144439 1.6823178908406391 0.078401619445387233 1.7409152094194427 -2.8318226791784218 0.73812959748196583 6.1794045305713912 1.6423173232430999 0.61859998771331481 0.81954423669088861 -1.6215856323125208 2.2943422626446299 1.0353726229826252 3.8726540827300782 -2.1927898290018724 0.94740361516650806 -6.8820583529664683 0.17388908064364239 -1.8306290650210051 -2.2501000240818194 -7.9413388421490456 0.059890191071902438 -2.8979064361465396 3.2682572609278782 0.016198607506979101 4.7174572971528619 -2.4344862437438537 -5.2449955211483861 -1.2412997084778052 -1.7127672302324566 1.7963893210380832 -0.90816860632201335 -1.1435779110669484 -2.9980230892437545 4.8771760473239754 -0.86137288586039662 0.73880090917766272 -0.091646183363554956 -3.7662184511297121 1.9030292538105389 1.9212139376491724 2.0530158916008698 -0.73107125246446891
64 64
-0.08393692869948656 -0.1010272733400799 -0.049821257283563174 0.13050858588703207 -0.15709623656959804 -0.074282611933426126 -0.13842005079235445 0.10146292209494367 -0.0064624827655007577 0.020476034770656844 0.13163599089251143 0.21963800708187436 0.093361691648899833 0.096631299814344554 -0.084672894844350172 -0.07323446541438712 -0.14627575766466591 0.16507468784552931 0.063681926315404105 -0.019318834357234468 -0.092625817964676296 0.36451304603812523 0.10985800177435144 0.065181007731782217 -0.20044890365817944 0.015215071490424755 -0.052451613501327411 0.13889550186101016 -0.10526589893299587 -0.082516590900041972 0.033609522885235325 0.021721084213078525 -0.22831414460819391 0.010723423965154331 -0.13907189511583531 -0.047465736172297102 0.064543242508547066 -0.12163958052141545 0.17360896837127515 0.15321155353856147 0.086479096820828757 0.12573401430065945 0.096051109299697818 0.075122277766677528 -0.026714888068010718 0.049188796059421426 -0.062890487033587641 -0.080618121432854781 0.019066449599938737 -0.053718006218557587 0.12685887242779445 -0.11083211086863765 0.041768457233048437 -0.058276182658857811 0.15646967667254769 0.005526658220831376 -0.042420412703565794 -0.11785250692408593 -0.0046534375877650656 -0.063214297537888153 -0.12808023940558641 -0.050894978674235869 -0.10062907350676965 0.13443340523820266
0.085269946458225845 0.052529678397382158 0.11142702288586412 0.062943485635961346 0.049682436376012697 0.24282373900313672 -0.17766986983267533 0.15536192964628598 -0.18201172878132177 -0.078023592338479025 0.17960290579804913 0.12178090157690785 0.12523606845214724 -0.011659676043759417 -0.038616218878555889 -0.13345934214141081 -0.014943838119988985 0.17829367276704422 -0.077465008361457241 0.03835187406299817 0.10918582656409127 0.21388398737838993 0.092243948584357832 0.060366137832092319 -0.020491581259202016 0.29437698776259691 0.095324231548612415 -0.038774808558923714 0.052876177720573965 0.11304087071579838 -0.093244038683864924 -0.016625495060953004 -0.067094442372405722 -0.078749155813138988 -0.15161067986041196 0.10064639952106577 -0.14231448808523015 -0.069559602190164257 0.069672891802623427 -0.067991760866626047 0.14443422535838987 -0.048775109933432828 0.0033521466142255271 0.064868953259864692 0.057824380511351026 0.016669700312145635 -0.21060747351498493 -0.016547108614430414 0.013149388998501118 -0.064891952677742212 0.040579568521699395 -0.13995643110120431 0.12491644643464901 0.068594040599471093 0.046714146108198039 -0.14758989079880711 0.07262737750171723 -0.17564633176509775 0.05672615579470501 0.1426912486477741 -0.11626746960582486 0.057714013201429694 -0.16296692096413104 0.036430172526021952
0.011371536443630146 -0.029045458646199236 0.058408522688229166 0.15247854414664239 -0.063666832897656719 0.052200823370894364 -0.071525999601441653 0.0055580835180664119 -0.07591291826301956 -0.14502742336819424 0.14690385780257717 0.071797836470781487 0.019487270247719256 0.079681675077444558 0.029192914985897697 0.088737124688866895 0.073086034769341182 -0.067559707800902633 -0.072707782598047305 -0.099025058115947182 -0.091890850607589225 0.15047771356808992 0.030802063561793436 -0.030901766098848406 0.038759295452174297 0.04754791554805423 0.036055570795084417 0.032557620956699541 0.06673558762350601 -0.028035704585686459 -0.14343969370114085 0.1114405525164217 -0.04455616457071606 -0.13307178633252739 -0.0048322902389896158 0.028806784600127543 -0.18952578313429078 -0.056515678136773335 0.14557512737665651 -0.036758609567187482 0.10190129882834519 0.12014905222344231 -0.0079420720233463506 0.077800347426352973 0.019404457900195168 -0.020868192147928597 -0.12207527247981012 0.12759635983952813 0.030854625110585787 0.15206865597329741 0.066241505335149331 -0.0090903186094423109 0.087305326709609901 0.13341780589525457 -0.078504621976212746 -0.021020846223263546 0.12308920726335913 -0.010574224312287177 -0.077084756928411435 0.028072056692460066 0.078193370189953454 -0.11119146842049031 -0.10800150089470995 0.16479894904405226
-0.061461632915058295 -0.029747014114523712 -0.0019538986664625921 -0.054731300972143918 -0.0054722047894855087 -0.042521786387038851 -0.046224127104466044 -0.080667369429003599 0.16781684582535028 -0.10715673289156542 -0.1817636721897852 -0.18586022821357873 -0.22465028174085289 0.042250189581503832 -0.13057921848094081 0.12782025743976819 0.03629646957435663 -0.13216444486327592 -0.016806391541251926 -0.19597532532599093 -0.032887220712733228 -0.31372609509759425 -0.055024374316550155 0.044384883063913083 0.1551858354675861 0.026522846823148035 -0.11154343395151506 0.0041094724504952855 0.034304788652238433 -0.19419213237082916 -0.12761784623709957 -0.0048321436213926584 0.12476190181671011 -0.034977372636024795 0.26131487607459564 0.018029828079887535 -0.059914547692460539 -0.051235178728801435 0.14179681995387042 -0.12624818253095377 -0.044548872735474108 0.097577352467468764 -0.078276820232948477 0.015157246968005099 0.027382977595657509 -0.09339942467725669 0.14918102200928843 0.045483202880455958 -0.090580492727652492 0.2222561889591117 0.090103533439214636 0.10788041940695625 0.096742676581376585 0.036552147972184985 0.0059986341497197029 0.15513183518832135 0.067624113770741637 0.053248147307013181 0.032238402064818178 -0.11611851977642029 0.14625331188671251 0.079047429585233822 0.16669222748970125 -0.02108065354823186
0.14851621793963368 -0.060568486744783642 -0.12899414902663534 0.097448943639400223 0.049707032492075941 0.025605276454282056 -0.077257249685318954 0.091298454934274173 0.010021720062018177 -0.0078302975240419834 -0.097703175415872603 0.027167575067271504 0.12212904799088832 0.046320973542980814 -0.0016545200203723787 0.070749738155892611 0.0060967771848432252 -0.0096429140650215756 -0.029406119418446189 0.1179458016079845 0.024789217471469876 -0.065979958464689931 0.036717822019011144 -0.10187464063229131 0.045692759326671058 -0.023674057148336647 0.13738997311533371 -0.0036623567072084427 0.12110346138693899 0.12122374049651705 -0.0034624808609597445 0.023203365968916884 0.16100665266735836 -0.16013278157084621 0.11760324449429306 -0.10329054429772005 -0.030009567482695617 -0.06066478792819785 -0.061427419265448278 -0.017645735483514041 -0.20814617750062989 0.066043008000656434 -0.018107636490270376 0.0048646544760433917 0.037950727884370324 0.036898288823593667 -0.035385616516693738 -0.01370610238265919 -0.23093226923827362 -0.1064634818799014 -0.13272109389386538 0.086434648266087252 -0.078875814307692541 0.12635984825157723 0.11690280827503315 -0.072130028747079508 0.0065226109232065154 0.11271385248685194 -0.056101799812598767 0.025379050136859198 0.022705481491505298 0.043942098675290003 0.031567257053451599 -0.0078663017350626297
0.011393408514863894 0.031092191785226493 0.036573442470380919 0.10745911439703633 0.065477734227680495 0.19240717832723667 -0.10855149684625139 0.21469664153568402 0.090727850829756443 -0.1477787131854186 -0.14622656720829774 -0.022879448435594349 -0.0089190529419762559 0.074912000961701267 0.021326580276316176 0.012012083114107331 0.076674798438035999 -0.065196602102709333 0.051621259772487063 0.12330391954820524 -0.068574242398362115 0.10773362777748492 0.021078602179095674 0.074137030297927148 0.066272604828041648 -0.08278353636074369 -0.077472347030860214 0.16257228978475605 0.13790761912776978 -0.14518643506549367 -0.032577563315221367 -0.13633308991685944 0.13270187237924305 -0.060450967589633968 0.080514741286641475 -0.11648669016264104 -0.23114188609812855 0.049323164422541137 0.11790829329035925 -0.018084789477108534 0.019527412742302356 0.13159388392619001 0.021571972465243065 -0.1522134734219219 -0.064937891436075298 -0.11021279572068814 0.08990026825655531 -0.013864632606729864 -0.26583452961669302 -0.04077792495114959 -0.14912791612154228 -0.14217561769415055 -0.066422108987127054 0.10052860698968399 -0.029015947753951422 -0.012991564608930499 -0.07238346698768057 -0.14214765929538295 0.20532130194631196 0.053897221560717731 0.11894314743957726 -0.13303698731483679 0.033865529572187851 0.048483843859908865
-0.12089245282004717 -0.014936126352920747 0.18820679690327916 -0.14006657103297862 -0.14758242596200116 -0.002333857572436262 0.12838537532201091 -0.10836019761812486 0.00089475668573333017 0.070614006933710685 0.078598362262082777 -0.073940534972849081 0.12639999145588335 0.078979167767697422 0.036155694588667957 -0.091282716079287035 0.028353634873202825 0.1064371508997432 -0.053911007477865001 0.13697442355968881 -0.036262257180056372 -0.086747045073962747 0.022698569172000395 -0.051596337010791776 0.0084436483830484781 -0.10403370365643787 -0.096087166563978532 -0.011474898813140894 -0.068246931300266156 0.089775153513463518 0.012548736508703988 0.029018121792367301 0.053329464072035565 0.083970561119020376 -0.052219055359598018 -0.042689023218927563 0.019837685617316088 -0.0065638413035064734 -0.084926555574073706 -0.070535885397952525 0.18642176327774382 -0.107951878658197 0.049189485745314065 -0.14585175610383383 -0.010145045047166953 0.03482450774470959 -0.13728220457330928 -0.10039694646091508 -0.052815228922261419 -0.071994096919711204 -0.00090709623947481718 0.081185287750279597 0.042246629875339219 -0.083111852394893188 -0.031871542856092942 -0.011199335254027953 0.033447264524703105 0.070187051338075956 0.021365679213156345 0.10449676050546604 0.03492528413187479 -0.1226384576820326 -0.089369055979931694 0.082443987840796304
-0.01362045052679418 -0.21822776909617281 -0.23924767231221902 0.20597335113184895 -0.027780910525232298 0.1562960557100572 -0.039317572917019677 0.16315195725089252 0.057274728528410521 0.0099066730015954542 -0.2794992804275826 0.2005249026928525 -0.1496571145395737 -0.095351276178991529 -0.012215890826579204 -0.096166066393966576 -0.088245450817181229 0.18270406428588767 0.10963881533602242 -0.050263831558910003 -0.0063816948724288863 -0.07155643801193079 0.35816536057498638 -0.19716382001801883 -0.13553908768893616 -0.072078242392636216 0.01314294807740438 0.014466723788266194 0.10949863798450665 0.1504464066449096 -0.079876436674291437 0.061728248187974517 0.055318033976185566 -0.058456430612831477 0.29429638280309656 -0.16532097022932332 -0.00096420032518223522 -0.35412618432790249 0.45418970408017328 0.10040467850799054 -0.1121006581770839 0.14707932851348537 -0.070368738582642018 -0.10377071419854537 0.038029919376941473 0.11232505553628223 0.038683783986838416 -0.032809919613557441 0.026517790188977382 -0.067896367409341046 -0.03361981922579807 -0.12673202078909721 -0.091829086079200747 -0.084624630790503128 0.073444878329154528 0.098829703467489954 0.17462757835222625 -0.43191357295111527 -0.04061535748072917 -0.018964290742233769 -0.039220004247117857 0.16921119288742184 0.16414584684111133 -0.28314853765347314
-0.020825411573474933 -0.10023664951608757 0.060248600846431084 -0.0045035557537649344 -0.28275849078144333 -0.0033964240142111794 -0.11042488951708523 -0.046122634740268363 -0.01048809129957365 -0.08258963744073243 0.13504077403872333 -0.036798989407855254 -0.0085084675976858822 -0.028149376856276359 -0.0041121773826625109 0.11549144502137899 -0.051634048849151432 0.090759880893414746 -0.10576975391373417 0.0062048573767152608 -0.038469713796833893 0.10687056015491408 -0.23164222685638414 -0.0540722578103046 -0.10824716649961925 0.037707536805267096 -0.12164684115039238 -0.1237879652389398 0.031666953943787879 -0.12467410675211306 -0.072892385658865369 -0.021999370211938186 -0.056495778996624758 -0.044974695444499148 -0.25011845001768906 0.092531460616336964 -0.23800550492297862 0.02840872811907531 -0.13790006669268112 -0.20013296398618274 0.23912676678394529 -0.061361266174596016 -0.060615921142281134 0.089287601250803025 -0.036566101024320202 -0.027038854731897412 -0.01979798130259959 -0.013991812575956386 -0.093891505910480608 0.034295809957221465 0.19760349897419363 -0.036364916874369636 0.04769682215691446 0.055329446790037734 0.01389978547583756 -0.14886748401839162 0.088870916683212856 -0.10491965738042421 0.084926168686034142 -0.071328471382896497 0.084418702932608961 -0.1291529099758397 -0.1037517289607254 0.023728896382838455
-0.035467276004643104 -0.064672433912082272 0.13751340970650325 -0.17481528736190236 0.036288832498620263 0.050207472261411409 0.025403491986717146 0.17612773491145711 -0.048385996633642139 -0.037095791068574593 -0.25371990935713917 0.11969473981231024 0.25160190218541967 0.075277450427721646 0.054418440618231187 -0.01639180927263845 -0.17542940890834485 -0.086118766974936575 -0.093850091102894384 0.0092811814256058955 0.15189841686460223 -0.027675278632044352 0.0046043346460279307 -0.18335203146133666 0.10030805556501712 0.055912027305880276 -0.053208680401050076 -0.085530998208997511 0.050771720041514985 -0.045792013491723259 0.12925871394761002 0.081536555950350226 -0.08658148115549999 0.014427649323951972 0.26055846381432185 0.14160749041597945 0.28557577848596255 -0.15132196861094066 0.045583330983673773 0.019575003864011887 0.058726267222704208 0.21069361512321269 -0.12990754198290369 -0.13463490961681734 0.092659532945507217 0.090657801415298625 0.098196932750176075 0.018600577928769135 0.13213537459605343 0.28949729133546132 0.11604900531752185 0.055844965198591605 -0.10434002746037982 -0.073288417996534419 -0.10626178478317694 0.065962295336232796 0.01889936700735893 -0.028692067337929401 -0.19983739275839885 -0.21966223717828379 0.042639933567513458 0.043634550857702604 -0.095220755418062339 -0.35102684027944803
0.12308558987959996 0.081395055973560684 -0.05337141650502307 0.042830150704998973 0.16777302434670768 0.011630469177372489 -0.05843748495976344 -0.038081047724404016 -0.081807721042020068 0.023495596785190857 -0.053254362145192899 0.027333811403950747 0.048578591703914362 -0.062460886317038271 0.046218111602045017 0.12995847195777688 0.013277412748012061 -0.029803855518342262 0.036986121393972483 0.0045175425255424744 0.13773336455575519 -0.049537898467939483 0.1018592893097045 -0.091507339909337959 -0.020846620940731322 0.09437589809602992 0.012418522246142602 -0.028838233403787609 0.031785078673916091 -0.097932462571744094 -0.028899052548541051 -0.040557440306074347 0.20071998970016361 -0.031064761220294623 0.066049496440948291 0.14020437801249022 0.054789156424046428 -0.098150408212125353 0.086171194705510476 -0.044073250701047492 0.091287701041643479 -0.16049825900977158 0.069207495868833818 0.094454778669144687 -0.099999565609042051 -0.039258477657592002 0.14519805627932394 -0.11460942926414207 0.062617387446944825 0.085398230368847777 0.029204882135905646 0.21309768914456456 0.066162986812161498 0.1110055128107222 -0.048255606983567151 0.15963448975919203 -0.059035413173265598 -0.11186958358344394 -0.0079650935239968697 0.0016580688255349002 0.14795527853549209 0.065596496293950923 0.036742183113322169 0.064221533000780082
0.0075746302449872221 0.074928340788420644 0.058948301064005004 -0.040077964369973011 -0.011413800724779362 -0.070480128129387448 -0.19519335439030217 0.073533910204271094 -0.012660442512322753 -0.058002265546375519 -0.18617335963254944 0.0036083144048538241 0.081196033479603538 -0.093688585087950249 -0.17814686707903962 0.15749004841279557 0.059843308579396647 -0.08288239614769434 -0.025517232039479268 -0.2766876288134088 0.097909438967409793 -0.27971327990806732 -0.036011629761629804 0.20754227883107504 0.043699056885165989 0.22098198988071541 -0.062094902808137994 -0.24332209888152811 -0.17607749608291773 -0.047227594695019873 0.11452489467857312 0.093748035430701496 -0.12537040102675484 -0.072331215122053136 0.14884918952299669 0.14361489922259951 -0.1663771851790363 -0.025514358774768313 0.24969817049765955 0.13345968672482217 -0.20332580093749308 0.029053851737593665 0.035830211529946775 -0.11718955931376598 -0.25649780432838232 -0.062098638076079106 -0.034000827008792374 0.025957109732880065 0.15279535798446212 -0.10316370296277433 0.11186941452586309 -0.20320425625181776 0.012317038791688308 0.205456957119587 0.1404759283519155 -0.085454628147073608 -0.087641055358009853 -0.031153623511765663 -0.014180223459473324 -0.026678069665117231 -0.16063948978582807 0.22252753664796279 0.00269272432132178 0.12298570915967552
-0.069118365767980722 -0.096500518944210495 -0.0012206943363622801 -0.15095211873425368 -0.13817235008004042 0.10693473507058375 -0.28831707805551132 0.25831163311655142 0.099083591933892365 0.12024040310414569 -0.091652129060893178 0.19556430304502376 0.0048236069898108854 -0.054392838237452217 -0.033587098748951778 0.049119064570366418 0.092019366183696133 0.1646626683225553 -0.10103172348319971 -0.10311354732898603 0.094048130732323765 0.25336692117481835 0.049244585416614098 -0.080206805218429253 -0.26178958280412745 0.058978004392738086 -0.11701939477275787 0.18197847696742894 -0.13164848535703738 -0.056850951610568218 0.026368951576000547 0.12866675740905348 -0.18359633053125268 0.042111613021334253 0.096470517015458224 0.10256866297019558 0.11024043195253927 -0.2511059619785494 0.31556544161863848 0.00068809201909054724 0.13489511361974915 0.33094642936754476 0.0013564553330937007 -0.077126600481710481 -0.23519087297361282 0.030558767529247851 -0.038881705445433054 0.13448184709723637 0.03717504238357424 0.13790312081398245 0.20260932623618541 -0.18612670414183319 0.13990097641666716 0.006205785049159307 0.2605992370385819 -0.0059416940217161514 -0.037909620661516159 -0.25901289822191614 -0.095371946680108358 -0.024097002911049277 0.0081103409622144476 0.17118817321399044 0.17073185408426472 -0.075583843945414689
0.072465881376527208 0.03943475986546166 -0.097921993743513153 -0.033233439353236027 0.22462169184565403 0.13449496013137544 0.16472630066563684 -0.13939549608560936 0.00027301376731617919 -0.1400952762011774 -0.13681975549681449 -0.085268217066583329 -0.011822547267110147 -0.16210344908470503 -0.028981578817212316 0.040284675747387637 -0.027394501647331291 -0.070770509452082325 0.093643626881792147 0.17952529460033595 -0.026761574579728796 -0.39437811120683952 -0.027823777554519254 -0.034251133392089683 0.27271821013279618 -0.027289339203592548 -0.075642887327702718 -0.20246693851743253 0.027764177620027343 -0.097971036533775493 -0.05189764396732828 -0.014562438244822611 0.082537875111556872 -0.095488266205016131 -0.15584385243221116 -0.22736849548238533 0.028485781678094697 0.1397117285398087 -0.072540196223002298 0.058128455125967933 -0.092580352553217518 -0.33106205464342858 0.093115644940316933 0.067498770489687943 0.15443306497961598 -0.036435027369132407 0.23612352091839911 -0.29842037733114801 0.0033704224481797117 -0.086928028245946268 -0.19280449951209586 0.070911486053701914 -0.23090624261676862 -0.061958892042297153 -0.050418537786886118 -0.14438980039360555 -0.14346135562162363 -0.046254898362055957 0.11730608581241646 0.14059096448795266 0.080455424537244052 -0.13690281184924877 0.018901199925474794 0.03970120444245636
0.12608010306281264 0.20226942926338037 0.12172916108081501 -0.1855113080404607 0.0074249980909533338 -0.098506443320624609 0.14343630139331831 0.016608536395370219 0.059929086716992999 0.077465808487324928 0.16133902157235308 -0.18893825934425704 0.18036377973612963 0.10703230363593214 0.03013718983803166 -0.049487168178610284 0.10010997079696315 -0.10299670673463979 0.028986681213936837 0.085196186011452249 0.19889928991124145 -0.054210443991336475 -0.17124530295483742 0.10698992197480174 0.04889820310663133 -0.049765603645015859 0.095575461179147447 -0.052219476852587571 0.11876008426801363 -0.096151073417599528 0.042488286024656881 -0.084114419478442379 -0.042159789109490121 0.068574419037966752 -0.15649995786507767 0.1474046379007489 0.03268917243114601 0.11300362632793957 -0.05474849697861385 -0.10145654524635576 0.084649981700052154 -0.20833719808469525 -0.067624624622044063 -0.18563306815861261 0.033747955095100042 0.0044785794680909626 0.047737743755469776 -0.11725369318754393 0.10133521935887593 0.10552654176191081 -0.020866966779469889 0.05359700540361368 0.0917135691118285 0.12152135926040251 -0.11697090141394101 -0.092754185782937273 -0.062128979246002025 0.043197072499701415 0.096961948238724713 0.060262247922917692 0.13740483769469025 -0.081124328427533199 -0.19942826632306912 -0.008817858660935542
-0.061945180193298997 -0.032437445532291019 0.16604914401626814 -0.0015992597769810073 0.080693679607615448 -0.095028927235624394 0.022457114877684439 0.13729706193968119 0.0070172458500237138 0.05435432836338832 0.11768910245693918 -0.029503229796870523 0.01994600955029532 -0.028243024418163617 -0.14158341026026602 -0.10046358662672454 0.08666882969349575 0.094283449731646166 -0.097729136126528865 0.097189836793129161 -0.092857989528845705 0.063736418463842523 -0.077631864623936536 -0.078336126531772104 -0.082743483967377823 0.025787593951462299 -0.025691248942493153 -0.12786035539211413 0.073945990380527848 -0.034209785456093905 -0.052274652117441402 -0.075429492780453744 -0.14021641611582963 0.10537891787618277 -0.24684951487516105 -0.016550432273352237 0.035080887519375763 0.036113161297783546 -0.051537309639215753 -0.081641499316130253 0.21258118259915201 -0.08236337392393682 0.0045915653164698075 0.059967624092108381 0.013655309753740127 0.028124867389536491 -0.23733214432802402 0.15285730879161075 0.0021506678348355542 0.021929650154057772 -0.027377032416249315 0.028048489411434119 0.18941350972849938 -0.017706720195263651 0.061564468674429114 -0.049943279055564817 0.080678692335260829 -0.065507137298773055 0.15395436518174266 0.074491840468223561 -0.11884287716150865 -0.028554915962477775 -0.032163622832652762 0.058105849939746386
0.0006026828062065554 0.21869848546636048 0.12612439066927436 0.0078675563383808524 0.30269604926984883 0.055542845707285085 0.21891677838375453 -0.12783459826306373 -0.19224707753624182 0.035687882767271049 -0.018012058530891925 -0.10732153892909153 -0.035884062094581913 -0.15832550597645695 0.037485830832080097 0.06879307443965367 0.094908833293916292 -0.057555180534157126 -0.052887717887441121 -0.012630932433018476 0.13049562847201204 -0.27747397728285705 0.0063123173546883746 0.17234262604449357 0.18790471561262578 0.16959930716302404 0.11467102118023176 -0.21601730303943439 0.074383212827956569 0.13784486365974988 -0.020559240537159094 -0.086579140281156736 0.1583732162903643 -0.05631816752948704 -0.23359320614124432 -0.12798262339514541 0.062882353416375866 0.26363580018405852 -0.064757910510004124 0.10255744985098454 -0.085765573328222086 -0.45582764972675627 -0.15104968712653449 -0.083646198720262868 0.23623697693207937 0.085749730355607054 -0.15468968911038855 -0.092559757690016356 0.17901637525452155 -0.13042531197112495 -0.063671292607653945 -0.15010293876427924 -0.083837326506125423 -0.012348369103032364 -0.072538640600713189 -0.021182813898187457 -0.085631788839328857 -0.028280516775975071 0.0085362630199826532 0.15644432845134512 -0.18200057720622731 -0.12142520927961503 -0.087375617594253302 0.087354773942194722
-0.051539224976488184 -0.01945322739587849 -0.057321181916043039 0.13916868739484545 0.12653954653606853 0.047456577143479228 0.19257500229119404 0.024423255160981656 -0.13089816592893569 0.012150844309522896 0.14800084881819611 -0.010523784578179469 0.11993631222095405 -0.02511994407574011 -0.025068586433266177 -0.19660641403221035 -0.15052341865141317 0.23176737795962829 -0.07484049858782546 -0.0045665613934334414 -0.049689975287689675 -0.088720823350759315 0.10896778630564688 -0.04073158767312432 -0.10476372456631471 0.12828844324522903 0.13072806181405308 -0.019275696363959958 0.048506809565076331 -0.0036152751177268181 0.081124344582151856 0.12097791962563519 0.015377181288887752 0.12810481019442854 -0.2680508006224242 -0.027536196878408473 0.0107379338750075 0.20858381558259284 0.29630290179341168 -0.050986941447671082 0.053072178028283588 -0.1611361748780725 0.041352950908388197 -0.02929761101289774 0.014112281359109864 0.023463605012789261 -0.095110111253684196 0.098882433374394341 0.17319762650713227 -0.0059381370269996642 0.054853747873260209 -0.0014955878590997027 0.21005812784133848 0.093637628845988446 0.0017986148130673986 -0.12268513811218326 0.076665653372922971 -0.33603007699129422 -0.069934796884598235 0.044132653724421593 -0.039035582070142537 0.1134572107729343 0.032241133662553878 0.12808034767223303
0.014867348564224272 0.0010888791687046085 -0.025506752562559788 -0.0097384619510142399 0.091089417102877879 -0.013917350115768726 0.16124747656180372 -0.11230597364871084 -0.079252836738895632 0.023957753793158346 0.13594256312276698 0.1165285501550881 -0.086078785583083406 0.12580879333290104 -0.12943131885286333 0.14443653077065574 -0.00081189808721979673 0.03243975623955548 -0.0036847261530283532 -0.14305332796155379 -0.044263856067936959 -0.084366588939076212 0.037871011710039433 0.10732341408036762 0.19304644916447627 0.058785746648905131 0.0024700119625888349 -0.26208599886537193 0.0042763308234959607 -0.10863300479941977 0.026312533459511584 0.073456251403454631 -0.080089743349113937 0.0084062050426788864 -0.083936370254544146 0.012499465758103935 0.14379720161345988 -0.094826139998634026 0.15572601481562462 0.23039335775196526 0.071151511497230716 -0.14805121556897965 -0.13169216851291948 0.012045921054069068 0.037490340335521982 0.053779355126061863 -0.1074054170397528 -0.023402761442168012 0.19563417645421086 0.028968143645830578 0.0097009296973509483 0.090042931336167462 0.21457129649065423 -0.10201196983973844 0.021352845996506258 -0.0061756198211528621 -0.22556754416539354 -0.20039350748197168 -0.15952256326259467 -0.17882496815574983 -0.076370709804656434 0.10024973229647832 -0.068046147865229722 0.1261335135020826
0.11388602415517189 0.13228946070773459 0.014232297117662602 -0.025318738041101164 0.10800163099334659 0.079577792638927766 0.11764986875791922 -0.030879246079833243 -0.091300584130995233 0.036262262067693084 -0.1466650529063189 0.029266103871768426 -0.20873821535470952 0.062746913513865757 -0.081840867456004746 0.075141724519064229 -0.012974560138150114 0.1066827950300122 -0.089409358479061993 -0.00078097014597607495 0.07022768036673907 -0.03922946160187267 0.11447472061608226 0.058291028545474466 0.1274279680877935 0.058130627868585007 0.064538198386818929 -0.20495691833008092 0.025633225772899948 0.01893686091381265 0.037163589142973942 -0.062601503907100856 -0.10798958888042612 -0.056415475081088552 0.054441385082109585 0.095082293924788661 -0.15699673765964675 0.099619918620832443 -0.021137504266839014 -0.057677880054247684 -0.17543989587012052 -0.10376320359756301 0.066333934936013556 -0.050906461892147072 0.12175759119451633 0.090375753902467756 0.05922332782719477 0.10838099466179783 0.10555675804373757 -0.03410435379964466 0.03884554961778653 -0.034114853686701425 0.021810100766070071 -0.082690294099689574 -0.004118654670173456 0.09063536071672143 0.10373578751004374 -0.10400083461154169 0.10852339730894398 -0.032481060909300266 0.12049804607368463 0.055385463927341408 0.081589597201226008 0.075229132974958007
0.20407954160900027 -0.035644892849532352 0.011222990887746372 0.093920797646207393 0.028090242894539579 0.11539004701359257 0.20972734826181522 0.13639677188595062 -0.068835983050392652 -0.085681283455945043 -0.089712188192854814 0.10708100608254231 0.12154135101968166 0.064759311376373752 0.10834784492210868 -0.11545970329733929 -0.11781747290469168 0.12701504920270271 -0.045391052229194907 0.0065645803755504245 0.12065583106994747 -0.24027617341929777 0.074980033646537089 -0.19377707921015386 0.1396692780057911 -0.044849895086838808 -0.026840042965879069 -0.13189633593468081 0.15332065995349925 -0.047072977877273332 0.061369738864922203 0.040431914993538175 -0.039706601305911242 -0.091439304860863435 0.17518742677781368 0.13124489152803742 0.17985228772299652 -0.14246035273269289 0.043630955946017617 -0.092335282829017318 -0.051226483007396809 -0.079421619938332966 0.0082054284742340555 0.10143156821683427 0.085738090604617026 0.080094669329605808 -0.072773910893057361 0.06156075178432463 0.034112407290066926 0.08079278484339672 -0.026036402345170143 0.090013059154479019 -0.11179343578526121 0.022437182570682862 -0.094355681432446867 -0.041204125437674467 0.16179088332790753 -0.22187881218354366 -0.059250685957485366 0.026689683804781747 0.033921153373858405 0.10842431685742991 0.075187412307202522 -0.057767077268425809
-0.12581003514760866 -0.071168315470488977 -0.13688792459939569 0.10892392151937874 -0.2115961349403262 -0.024114221094370263 -0.020358252793518085 -0.015207688923562468 0.0939109530692641 0.15222360226245737 -0.12225218364499903 0.097613706409974313 0.081768439620132347 0.17676129734684745 -0.15646657158583785 0.0035568589447373443 -0.038509225674240539 0.11848987439859685 -0.18297792552788442 -0.14266403035132497 -0.22773691973442844 0.23792827604639588 -0.063731431609044709 -0.093910785875650937 -0.051715287664248287 -0.005917858023792715 0.057702763572057322 0.13463820677394889 0.13577864751663093 -0.033539561847780966 0.041762449426424417 0.15344162756760676 -0.0040109565127188869 -0.18092893940663679 0.089317937668711531 -0.12273752127751317 0.11150506356868047 -0.19376529392638311 -0.00013020966586997578 0.27643691020586902 -0.10700503309477076 0.063427457385531086 -0.034586667378055054 0.21905363990706234 0.063722936094924812 -0.040767070569700407 -0.16511171753499426 0.02957361207777481 -0.084865174378314423 -0.026457176879793955 -0.11627336167514224 -0.071160176997209112 0.17105024075140443 -0.30225436039246911 0.011039418081580606 -0.047283768435934091 0.16414354788315627 0.13250873162543289 -0.1950064502908877 -0.13356872363820554 -0.15722926460797265 -0.099888171169963333 0.039255063506071698 -0.15655236968510433
-0.013640106697719345 -0.073105858346610736 -0.017446261241107718 -0.02513357214527177 -0.061957554323415265 0.057909385500094654 0.027385449229420319 -0.11261903769862605 0.16291998437526373 0.11433551276392316 -0.038730332241524751 0.28461071971593199 -0.017077494395767296 -0.02422294761006687 -0.051322601443899302 0.086639890197999211 -0.046574794306380507 0.13863504204776289 -0.025648650745975488 -0.036481463471648504 -0.094692315887646109 -0.035464057071823159 0.076651836243022881 0.043457433627272606 -0.13129495626211249 0.17870012406081431 0.0047879409541442342 0.045535053815833205 -0.1198238619964852 0.15761764693787389 0.049227589155464255 0.045652097827757705 -0.11736093502385631 0.05380555444268896 -0.17531662384428906 -0.12430612842308437 -0.17381336415056697 -0.0090952857709325329 0.11041511183109273 0.050896711601817121 -0.10110649682650047 -0.071506707559399196 0.15602734302902502 0.11332943840270206 0.088290335873068435 -0.050113736452343294 -0.2519127420779097 0.2264944309031505 0.15511982520615578 -0.038249513125920828 -0.064110263997490674 -0.064651076414171532 0.17949544194044428 -0.096006447264285616 -0.05476279861072323 0.057797640601537054 0.026997495472160835 -0.08052002278469865 0.064998583016826789 0.14193197121934553 -0.010777204499017668 -0.07557365136697472 0.14563306938641016 0.040241600586583923
-0.1042483153966995 -0.032195911237242407 -0.1678174143049449 0.11073547401256086 0.1378837658496786 -0.012251806038758596 0.26567145761873778 -0.13659252879462144 0.033007704061544886 0.1177557430597248 -0.2472481193691492 -0.099696391174271023 -0.078431708288343421 -0.09775674661814783 0.17260458275104182 -0.0028512473537273338 -0.0079374269748645025 0.104523253594973 0.063579482831192649 0.012570475551837689 -0.09518177410508781 -0.40936572488473061 0.17593027762108004 -0.082398391077596209 0.0034201275647392729 0.03451894565691678 0.040201348613969443 -0.12879717690471398 0.03800531378243651 0.041330422917269384 -0.009364273178463672 -0.033148651263536749 0.044293964801978059 -0.053697462999496688 -0.14755203619839669 0.0031160765630714846 0.034379153193712805 0.084323462610927824 -0.020553104381696535 0.028625714756731292 -0.061899803567248064 -0.30807254841960774 -0.081503962228540699 -0.057407790611752704 0.17823681752753304 -0.031073249479681701 0.028224052927365503 -0.081035755161532719 0.1612026215512499 0.069810595523170441 -0.10931930254124579 0.13628657476229084 -0.1419123036443215 -0.0032755159307252088 -0.16680528789445956 0.030003066275724709 0.052320002352524 0.051442239853801065 -0.0023358960571312265 0.035973543224352193 0.10794565455910159 0.0737532585476703 0.19580547522366132 -0.030884547008483271
0.03683252360936088 0.18342905015387045 -0.016737374136669134 0.12023869705591581 -0.01884517546389471 -0.033337616627972494 0.12583557518011082 -0.018358892194932034 -0.056012779153008084 -0.032832916861198082 -0.16342030604483399 -0.096312662210687017 -0.16745158650275777 0.079651035416704305 0.11008932687525971 0.097378076063388705 0.17301528868650273 -0.20767858310555765 0.01004108233025619 -0.0026456095908889755 -0.11549920500071781 -0.14468568698765025 -0.058438855067459057 0.10784854875767166 0.18699150743354603 -0.036709853624052456 0.088494448396184672 -0.051933788707817452 -0.030187571778537373 0.097273425096007698 -0.23913773960227394 -0.16476176257771377 0.049433945013436967 -0.026177183072952786 -0.069734256884438947 -0.03952011467412183 -0.24013788446528764 0.14329383900876244 0.070539023434069245 0.098374420232275786 0.0033431000838086166 -0.055206618738001617 -0.040918178370918525 -0.020594053124658309 0.094279514583616442 -0.088771787495836862 0.033846255203609024 -0.083822596244639419 0.094263740151685843 0.005591197086168777 -0.059589648042270925 -0.050467860668087644 -0.0705379024892797 0.10943394889880555 -0.10797536774873105 0.067299806657014835 0.026192244005484026 0.072863584460085798 0.022171175200238733 0.011681324867403524 0.19861197990796117 -0.031187979236943657 0.037520495463977573 0.20621082426615681
0.055793242277852803 -0.11721621175242072 0.050472963372350153 -0.068292448634149128 -0.034972529737699848 -0.071836618744710048 0.091788563758302411 -0.16433681240718517 -0.053887883212369682 0.12438273764558012 0.13050808394883981 0.0372048064237223 0.098469888727406252 -0.095293742861982389 0.016764986222631378 -0.057685470289313021 -0.12871336666582198 0.010217489752905068 -0.062088673886249231 0.17953494480895979 -0.092890307732070548 -0.02536807418310737 0.00076016997647094099 -0.083330712213114361 -0.0048952176971333305 -0.076090152318778692 0.14071868686119104 -0.044955393760450379 -0.1201570506858731 0.18660753116716092 -0.075701409969038042 -0.091347155432525876 -0.073072035173640193 0.0070245456164719014 -0.15883495782081575 -0.11196015765558821 0.039835767655432994 -0.12002609857777982 0.002402121161665079 -0.042382574587746108 0.34768131574293465 -0.043353918988899058 0.0098798085225232785 -0.092051946599611287 0.14550454018975958 -0.14422662108433543 -0.12688938300770064 0.0061274835796619491 0.07952945063143102 -0.16051563230521138 0.040293200868533156 0.021279051708984312 0.052951150109955838 -0.13532846510540242 -0.064613804194078306 -0.14056176600165557 -0.013064937603633073 -0.082977986876947615 -0.0082525826454688776 0.12843532944008884 0.086275174884471104 -0.017393745354907036 -0.019915215484740414 0.064462224495547241
-0.11559455812012585 -0.12177957060590677 -0.093525780972255321 -0.076377595176246371 -0.12519094807660344 -0.0049609235375003523 0.013231463950119366 -0.067069406934978829 0.012309701267227139 -0.01770142774619821 -0.016785410757080173 0.1290009678486074 0.0027512136695661306 -0.016218929574471977 -0.04049995768589143 0.016337180896026739 0.084256328200319044 0.0025270198629734064 -0.049092472778670557 0.084520961020995475 -0.1440504527471681 -0.13857025195023556 0.12296459762075783 0.043003253326020383 -0.043841285937930886 -0.099657491438677637 -0.013519893630592637 -0.070202317466621728 -0.076586874387635409 -0.07022199620969842 0.057366715936229183 -0.0042568395586690616 -0.0066838116661045973 0.095936824786649527 -0.15986958822953493 0.11049185329708371 -0.10431194221731722 0.08747041563671222 0.13555266588375717 0.077395833342917733 0.11155326180383905 -0.12157033804657537 0.0058723229079529404 0.04001635420459379 0.072345750339644965 -0.054127834829330618 -0.15617479142060295 0.065553613132219163 0.055387485436330423 -0.040361311693292941 0.068137138606063921 -0.038053803938775714 0.17236251221068302 0.065374095919502218 -0.048111146660052138 -0.0012418477302229046 0.03082273442183953 -0.077205100251511866 0.12761002249056935 -0.051526097179054139 -0.018390159711649198 -0.11016637305865724 -0.027697863477759644 0.25067631509941041
-0.12394147431153447 0.003197659286233381 0.052505596402741925 -0.087889888323458246 0.17865062177753108 0.049026760284047011 -0.074658438465135743 0.089674347315743572 -0.08816399013296318 0.067210360622941417 0.16496944431098257 0.00070042141959195982 0.082558902415174856 -0.043979809530251157 -0.049345708553383383 0.038549264938710463 -0.034792258510045283 0.022110012297301539 0.13403178071016505 -0.064589271569551299 -0.016067218018214997 0.020242871213619958 -0.047597010166531714 0.099808998311862351 0.10403173079445965 0.019699780367653706 -0.015327415977426763 0.035783122245864475 -0.10612218708463553 -0.12478337080211828 0.040652843378944779 0.042365376812905926 -0.015468057610680808 0.10592829316415987 0.032256223401703935 -0.056521388502436855 0.1781231231981798 -0.044375541226965187 -0.020223031740273571 0.17324133526192714 0.0016063662663246341 0.11139040529785824 -0.076626294111872773 -0.10394901105819894 0.11196541558316143 -0.025506652582416679 0.015271302809888299 -0.11083684737510925 0.014069151432691987 -0.11903112752382641 -0.10267689953354786 -0.042080685826612139 0.060430826233857947 0.056296915783802699 0.14573472857069311 0.063687414302022655 -0.11817325911826854 0.082096571748722869 -0.019080852121834895 -0.062057475688279094 -0.15643491727158459 -0.073367186028182069 -0.066765275900286358 -0.028135370917817069
0.11656882941306289 0.063099579582426166 -0.088904568571778184 -0.041406918168328179 0.0083752108142596884 -0.078496107857588482 -0.11307197662933317 -0.013116249287536642 0.012784061912116835 -0.038849546640888188 -0.077762204443382263 -0.014583681981095992 0.024681198568324503 -0.020974023275188543 -0.088240257878820783 0.18212596782692841 0.102439612586589 -0.12373487141399792 -0.0051563305729801006 -0.22546666030035331 -0.13450814940556691 -0.13540857263368053 -0.14288345761410412 0.097762896939281724 -0.13744320229082357 0.045581180509386289 -0.05447604590400109 -0.20310546475878979 0.12808030630992395 0.007032755346428339 -0.042973321975074821 -0.14937189406768614 0.11975973835077296 -0.0083324556998731515 0.0025344969269667922 0.098745308708806559 -0.089691442568433449 -0.16479580068114805 -0.24587002067831298 -0.071390898880090814 -0.078376617847435173 -0.049108618899518244 -0.020940081792767015 0.14537567697635051 -0.043880145464133179 -0.065843428923561029 0.1464282044689266 -0.022094781755195719 -0.10784614222889433 0.032346988455378006 0.032677550049058174 0.061004018773328283 0.0055039525891469165 -0.053916104780946557 -0.06974562408497044 0.059958704289088879 0.12810224974748222 0.17526672658404502 0.011061686444657911 -0.080896799883161993 0.041376609405903951 -0.053936295395224557 -0.0024195959467248726 0.0082909983507825705
0.030149909901527983 0.058812260686380159 0.045218326620203919 0.088659813770735035 0.25467564041843527 0.037905710306661608 0.049541891585176086 -0.03805305433589623 0.00052132120228743034 0.0067486226843418455 -0.1750226563295065 -0.094731347247527992 -0.094530220325644482 0.10172528805522736 -0.0051855922179814551 -0.0046104627154430634 -0.051552733240689784 -0.059851212597135897 0.08396309312163279 0.041719194943512582 0.066615482473066437 -0.22469511042591417 0.18319136882026765 -0.15089409628649683 0.015863030627303487 -0.0077473856265983789 0.10543773950856059 -0.011494602517294304 -9.6040101274012162e-05 -0.0077102498393558884 0.036255742156826538 0.015526913581760806 0.10005755843241181 -0.0039064309144397113 0.0098583286049370791 -0.0091085014930968357 0.018209942562073578 0.073222164562616432 0.12501223548043594 -0.095250694756054813 -0.14477604347700193 -0.12187371679985647 0.087850497709552333 -0.1183294137466006 0.11571478379789427 -0.010398215008761808 -0.083612373263830322 -0.060769920685633014 -0.080859949355428506 -0.0049234649826957752 -0.13630107611396639 0.0048877195290078041 -0.21686396897273796 -0.10259430872880171 0.015096504748246276 0.027690940944296149 -0.13933728481147173 -0.068005374551409481 -0.20636445475372067 0.026743400880027777 0.062104452253439739 0.12585201549862751 0.061632620305706348 -0.05904207089124857
0.087968385209152761 0.10112032412218029 -0.13980735244350723 0.051821143926877838 0.10061118758202654 0.12479659468447174 -0.043762261469529863 0.084673293686311768 -0.033403670867277205 -0.10365826832082664 0.0012678893003209438 0.18592154052966853 -0.026316559487794308 0.0055794640027106287 0.020001818621273863 0.045616097084680944 0.087925890290402917 0.054588018469532124 -0.11037549915876858 -0.06203488037031582 0.055503831362759819 -0.048609415696469496 0.081574594232680445 -0.062280739061200734 -0.043527014158332898 0.03248688794431985 -0.083080461571944056 -0.038618678253035478 -0.027770161578509343 -0.1422252984302162 0.069001303852355297 -0.091769161553102399 -0.033015622306637814 -0.063896458382018517 -0.0024018276563066376 -0.13870775614638192 0.044200475029655698 0.011237651403469245 0.10349927252058505 -0.048360806996773496 -0.082908485500888252 0.070980075194063172 -0.0062824262156079037 -0.092356293276443083 -0.14061433008841742 -0.023246796866077481 -0.14291502847645704 -0.08354254161371974 -0.14170197240726687 -0.21488715877470477 -0.054729239746130899 -0.026902477653066144 -0.18375759642681275 -0.010164098529174556 0.067334821037833406 0.012296864692785514 -0.10291570605615757 -0.14595685681583168 0.079518618148390091 -0.028392160817520697 -0.13695852698779057 -0.028854918169079456 0.071841997294542589 0.016400387740764983
-0.18162837679092786 -0.17492534889124239 0.047438353062047883 -0.057551894853179131 -0.21312041770302739 0.021504191725512278 -0.31054924338320294 0.11699106836527762 0.27744813555562309 -0.073754040520898234 0.16412705503081909 0.0091245291875627025 0.16580543504406878 0.098499428163669911 0.021531587513241413 -0.052560925155339944 -0.19358392673947292 0.020618990799647248 0.052391024067733029 0.047084715939009487 -0.2769443848733053 0.18060869436165825 -0.096460439069208356 -0.018026085031577144 -0.15866444601042456 -0.04408497428860831 0.1108423020255902 0.23245432114780468 -0.17810327871545342 0.16200604295093907 0.030915865062912912 0.06922820894627997 -0.19098362690917234 0.019241307110886938 -0.059217050640586306 0.065671812017254777 0.11928468257619927 0.17734252940268957 0.041966495168675837 -0.039323306167362043 0.24198711121006258 0.12675179804357314 0.011299406935875382 -0.20046657052083436 -0.1465324218956994 -0.026603344434065902 0.035469993574282439 0.016799139770802031 -0.22481143253501698 -0.061764688625648836 -0.013864369886232068 0.038226985114065908 -0.21293163483378796 0.042683766105275224 0.051107554918789239 -0.26414481837761927 0.024564771642307512 -0.047460638474129443 0.071528620198201789 0.051497203776821994 -0.080194980375994776 -0.03138027048399681 0.075623397321952446 0.081539451274710364
0.13148717016778202 -0.17715545984787426 0.18013829074514373 -0.12802701028205679 -0.015468660198201822 -0.037889421392447102 -0.088495461323573291 0.03937993991612581 -0.065108017713486011 0.028321796138704374 -0.1418127140355715 0.18281653107202198 0.12024601051542572 0.077936231960946331 -0.033604803650013941 -0.017269830912322984 -0.18603619627498816 0.015723253153391764 -0.15239907097208155 -0.07376025807660036 0.20761773489906482 0.080572786380011266 0.010227181673852708 -0.031025584877770553 0.089829243415633031 0.15316200465917582 0.1023544686873661 0.14099216326116565 0.24013167603744265 -0.052792339230119813 0.045185283099422498 0.15896907611365713 -0.038263226497471783 -0.02979134665921095 0.13922910591319873 0.180107482665811 -0.05651249612565986 -0.019205962446408643 0.09464364476435437 -0.046557656350644079 0.044437548087806873 0.20870329099503754 0.044665806468518095 0.022494404388195333 0.0075827191401726226 0.004709006340505752 -0.0065510193496101359 0.20364710396171876 0.06974074646939267 0.20914770832064589 0.055466924800629216 0.14995789000477341 0.1388779149938591 -0.090243504560101981 -0.0010939569277064972 0.071582915981854497 0.019619646474265246 -0.00026444841463598692 -0.062946942950979148 0.012384808932812925 -0.11439510390352016 0.064492856901824963 -0.10115295153417017 -0.11555365727593203
0.056392705185292061 -0.058417931189047562 0.06175696722226659 0.040288777191328201 -0.11017438104526031 0.047294853955197218 -0.1183876751069764 0.040806980388963306 0.2056561161754214 -0.078634607377619195 0.073501397020961715 0.15107809815067549 0.096811315240490706 0.11016609775389756 0.070418025689986855 -0.10406311095253511 -0.1278530791285738 0.029199698938249901 0.12785988603311763 0.13148936335797742 0.062022685914277446 0.17679928148135282 -0.069662073387713255 -0.053472361617442822 -0.13813624308322078 0.095338366218530035 -0.10422346761344689 -0.093842206035273837 -0.094552612878936321 -0.12881055442661457 -0.052667063272704033 -0.037213294561564157 -0.11512716119857373 0.11334726761653471 -0.016343711975034994 0.1099245842357081 0.038677797371905812 -0.021528374984822025 0.12780723651853529 -0.0867381323532017 -0.062789299734071546 0.12033560360375907 -0.077635822025973564 -0.052096095499416191 0.11353645757528331 -0.065368075343717427 -0.096546544777148274 -0.076126842249200133 -0.15210613209252896 -0.11939329054094951 0.064402748545024188 0.090224788311075305 0.001443101607987037 -0.06287140560230732 0.029174194940321321 -0.03753432142019919 0.0088462658521643277 -0.11018190221600634 -0.08324456337746361 -0.12266768397993359 -0.062191877077504149 -0.0072964545408630904 0.06645084386101173 -0.015660818488693225
0.018221422132675434 0.24391059768531731 -0.2058991819014529 0.17434002042334962 0.05925117067745312 0.19104195975162117 -0.10306151909236813 0.020722157668798501 -0.07124397662210076 -0.092325572887881416 -0.10616301876302542 -0.097855245114556427 -0.015409238023506135 -0.17215981363419419 0.07088515706701938 0.36210002377083778 0.15557542707155542 -0.059243245959459734 -0.016797379929322832 -0.24061938714446676 -0.041880454147706053 0.011625485440230982 0.023275945879156809 0.19031993231573188 0.17710266958740417 0.19086790529726838 0.029429167023335485 0.023348258767818441 -0.15076563657903508 0.057425734251400448 -0.034483802702519321 -0.058429708156731583 0.01838621750444765 -0.28261077566592968 -0.027602652412977352 0.01235503113254977 -0.072314701929095601 -0.091150847254792014 0.11304137014928603 0.3223895462930082 -0.68090526788817662 -0.045395531655206996 -0.0064178452593351577 0.18498255709250294 -0.026293908301017944 0.013445549158009645 0.13279990643088749 -0.090437587012826282 0.12185927141922723 -0.17948863642400359 -0.021020442915207337 -0.30953509594548684 0.060787823997106284 0.029651105214882959 0.10324880160404598 0.10833703590723634 -0.040426990260370735 0.0079326302954873563 -6.0210867894008391e-05 0.036596117101079163 -0.11920267106148265 0.049169160399288779 0.080155035134403627 -0.032659463057132854
-0.19766466768481714 -0.035490937780457997 -0.017576794502363349 -0.021975170453513829 -0.17399224900965676 -0.020832905036551285 -0.13587087748640747 0.03507982460497526 0.11108315268202559 0.0025510799600516059 0.037551620597945708 0.0069202336591632305 -0.078763538694302485 -0.015403049134881247 -0.084506353261439515 0.082403429409858231 0.071600605822792901 0.090984460926546704 0.10919292547024466 -0.0035675317562902406 -0.11849625530120642 0.23090892135535057 -0.10080762887853638 0.01050082314710128 0.043379264568639858 -0.11645932727545415 -0.15444105497931773 0.013571468927666523 -0.040516916399542975 -0.058186114723961409 -0.091072269592144622 0.035803944998896331 -0.021135870333244863 0.021339801027393256 0.0048961633464162926 0.12577118555231664 -0.043487608200019824 -0.039450947262844413 0.07283904682573672 0.05294030659662928 0.10632408887931527 -0.021761037568756504 0.023014806803027366 0.11713766404228378 0.064668282093889931 0.03066641806260369 0.019992295422751501 0.0032669276876081833 0.069556819385169291 0.0058256127404193196 0.10138872998553121 -0.053077213461156923 0.081221375485055855 -0.099573478568073401 -0.063131339614182685 -0.035495432898104348 -0.087653491705752304 0.072226296619374145 0.0043910937264418724 -0.064629556268288813 0.013094723180398492 -0.062918099023590746 -0.033078263078237691 -0.058927128247915336
0.036357089535108945 -0.05200640826880859 0.095956110966184963 0.020557845901230921 0.25194556948571456 0.13749478916025037 0.28663512371723188 0.037027129772377328 0.019489972356082557 -0.15105389968679533 -0.028247638115638588 -0.043470711503110139 -0.059998909526976597 -0.05183936144286197 0.18364176308773231 -0.038274797681380868 -0.021022767344542056 -0.016825611030403972 0.13201684328505636 0.076498258461588767 0.11717369749486695 -0.19606846102239925 0.089415956911748973 0.029832052306515245 0.050375949425041734 -0.016067400188288533 0.058235989745899171 -0.26937372506209029 0.090444905906015657 -0.02944033635877101 -0.050986820426367402 -0.071500358740903297 0.16215768780157327 -0.12626670459285083 -0.096758745908667398 0.061664040335708901 -0.20231218708202994 0.095425512890057754 -0.16705464891114924 -0.093080834256814043 0.064944145022815689 -0.29270693217955562 0.053635675772781902 0.063149254650207279 0.049755593829949402 0.11880676394139628 -0.10368951167708162 0.17175965370702098 0.15839576735455105 0.068436241765145525 0.066406337761685141 -0.10343670289173097 0.16449839021615423 -0.074007806979569282 -0.26839106527062823 -0.021964028145603547 0.17705484498439661 0.076701442641892548 0.064501760218073398 0.010445785990459932 0.06278685569452834 0.032908058552118043 0.055645422876306826 0.049748887528867754
0.013416327753529694 -0.04256233520986815 -0.043343250038734862 0.18643548436818483 -0.10962412921379359 0.065677326459937138 -0.034133820889872789 0.013443610867051327 0.10842104719184413 -0.078332248529610918 0.030209426379655385 0.17109097472950849 -0.077896383694274651 -0.045151337008783765 0.024791250720539861 -0.032784627769554708 0.079532430638677404 -0.06515187852872073 0.06223462234682773 -0.099761887922092257 -0.044218704282088996 0.096119651210166912 0.13817001847756277 -0.0052206706085118383 0.050533149285637236 0.0094219372060543715 0.13368323917966621 0.11027878104373989 -0.075533125110705729 0.043139872826749109 -0.053994002213107087 -0.052149344151615561 0.081120845851266762 -0.12578076321454396 0.067298897692419188 -0.026057844538098531 -0.028290961927788048 -0.025497017729982006 0.043647854045648055 -0.070237190160892679 -0.25641295294496941 0.063255358912238976 -0.0048651512749805295 -0.0074519020445368098 0.019068022607458893 0.056790159378050993 0.10525267299399983 0.034344806198818197 -0.039369636695608293 -0.14323000198361432 0.072512107509559651 -0.19600747113485251 0.041232117471603269 -0.044721038482246865 -0.029177236920925723 -0.079325042370382209 -5.3299515302626726e-05 -0.10496646439744188 0.014450657717065399 0.08041052212156076 0.039844245730558454 -0.11539836583261753 0.031926112522953937 0.031016841213958844
0.12198160846780526 -0.056238836615261231 -0.0026331450983598467 0.042752825532162551 0.022354852021972654 0.10455845836643776 -0.10880576672899739 0.17830380435717874 0.003896053711527792 -0.13832852465715162 0.25972785196820203 0.072074237340613939 -0.056252592343196899 0.11570616127976453 0.10989307850165811 -0.22721833925252183 0.15407318384326088 -0.063808982131741257 0.16368553932449917 0.063390322286611858 0.052560522785707664 0.19038899738699711 0.08051409565126004 -0.031022113860100873 0.1270950495592327 -0.11075627945667632 -0.14934525523367043 0.29407612490704155 0.066619049501777813 -0.15961693989951445 -0.047119117574535796 -0.14674641149436679 0.13014162146977454 -0.094903568789124759 0.14868597634552611 -0.0766093679001289 -0.02334016472134557 -0.12391933833625875 0.1971417662069696 -0.052517451120312711 -0.075365467943342965 0.038228873785297893 -0.10314094893035455 0.038720305415030423 -0.0058723249064333086 0.22135860537835159 0.26832105913281473 -0.037803547247584258 -0.25380660798587479 0.11507217064240326 -0.10617841517717712 0.088297553774924861 0.14971123090197044 -0.1361085355995828 -0.041277334562958047 0.047503952871347288 -0.041618672360122691 -0.042153189130614228 0.079912704289881162 -0.1897284820949732 0.20257718929926291 0.12460871865223923 0.14448597968494556 -0.077055989702086464
0.056960837475565358 0.092428375880768424 -0.0021071697585823075 -0.070899363659450904 0.039400763169107261 -0.13398579911733588 0.10892875409078576 -0.085972372125145233 -0.013329247045610821 0.11596901481333148 0.092933706503729813 0.040886801198975906 0.0119483917938298 -0.0099241672511242648 -0.078800002526667759 -0.060399218573541143 -0.12258423695957874 0.1347716579932326 -0.13331615076177189 0.02055145252105588 0.032714126329359966 -0.063222524524539886 -0.14203195237882418 0.053472753324940767 -0.13428728047076641 0.058292853802546382 -0.051169900734078247 -0.10136805863843698 -0.077027653047859995 -0.010952304710043718 0.025642365956761087 0.031493771425199733 0.072079560092495623 -0.0058272817631233832 -0.14752118549640428 0.13946770873032371 -0.0019236698844733381 0.088967641569447975 -0.18488319467117151 -0.025963300931465899 0.018151794708409844 -0.069002561317032307 0.070531242896593849 -0.0084071595001869778 0.030822962969140565 0.045824510224282404 0.025295616972540753 0.059877420537519696 0.15679173030333601 -0.01076827414801799 0.069544943135966222 -0.14744623482562993 0.34198781660200056 -0.19822019569602739 -0.010945735129832429 -0.11800068197311857 0.20675947234090161 0.1039595604926955 -0.10497469196964973 0.063995778815343643 0.032221529906386069 -0.13124782489261108 -0.04613780867223604 0.14427784890613557
0.083951973741003938 0.1090699987065356 -0.014999402473968464 0.050221910847498927 0.10958686257563509 0.15403259143078293 0.14223822842563819 0.029088952474176168 -0.034412751089775366 -0.16671021751966431 -0.067802147852391331 0.0032865041312199294 -0.14331925799085868 -0.016727002498271915 0.026742388199661925 0.1049450501197097 -0.074661754895903973 -0.27060298733892652 0.11075936408998489 -0.094149164429156038 0.16467755792867547 -0.03368319798334396 -0.18107296005387827 0.016984313752159128 0.19951569420628576 -0.002863641605983863 -0.071511557802201905 -0.02162889658446648 -0.033086169299149759 0.0091159317076693717 0.019240113484787661 -0.16046765589753972 -0.019935250833249336 0.039737999373549757 -0.069330508446129341 -0.057959276099158664 0.066314911870719778 -0.074239002585503117 -0.11565235486189655 -0.059232634932996707 0.01264895745733634 -0.090826351830187321 -0.062399524565118804 -0.15018680576986138 0.040151811688288089 0.15026434353255069 0.029467397778765777 -0.12807512867699589 -0.092659106524903126 -0.0061663308200376153 -0.10721709937703579 -0.041254394869703365 -0.17908400050319201 0.070459457937486328 0.030391546842724326 -0.04411399706126478 -0.041189231985663106 0.26126860978451344 0.04026233515528093 0.11525180905389197 -0.032256654442897048 -0.096411784327082722 0.010217480026620138 -0.07815533427370501
-0.096212419445416489 -0.10094947542729002 -0.030918134041395019 -0.03579351306213864 -0.0099230865634220514 0.009565805982535985 0.21326170819495738 -0.20636206665137341 0.058756248384787553 -0.0092800304943919994 0.022475416722537681 0.061703812877744027 -0.16760235802364523 -0.14473254572931685 -0.022082598287481842 -0.12189512898654499 0.022390489131975513 0.022936804888309199 0.056138897805835204 0.12923003382909182 -0.19675031004595331 -0.16067005430720219 0.15799723939249491 0.013191506428428538 -0.072579904952443194 -0.13012815583089718 0.058841785196595692 -0.17904539380564777 0.075320581248216945 0.10428130287012137 -0.03694637527156678 -0.13806176882996843 0.18426462733345117 0.022742570000374416 -0.094467075563103714 -0.15653241266647389 -0.064213822244486338 0.16422489685803499 -0.061059882572454517 -0.023677067537335367 0.041340076450069152 -0.21428949624649662 0.095822287524842592 0.06533982227787348 0.16425137936853879 -0.066190429965415187 -0.13351919096258968 0.023267010939207626 0.008101662484551778 -0.014572475497488706 0.031724307952169815 -0.052317191608451427 -0.15502619462975303 -0.073570783403984763 -0.11391079747919372 0.089271292626354082 -0.022459662777643916 -0.069725232693363629 0.055757166753848467 0.14503326629124041 0.13636890736669555 -0.15163653438174376 -0.034058814398535274 0.013612562400965129
0.088544224425995591 -0.012068423520790064 -0.16732625318428376 -0.0086452817784249698 -0.17028680643524879 -0.0068303882764762444 0.02243887552206034 -0.074561771630160811 0.050885139725009347 -0.086296010216883628 -0.14413069539119058 -0.071827191140644481 -0.096536758974141407 0.060695080323892925 -0.032827327505863722 -0.029259737208775529 -0.071813705545675746 0.11499942214736768 -0.023687199514471607 0.19169546009090543 -0.24940278787407077 -0.083289458709227979 0.083456161262584788 -0.10028058456255715 0.043981282059632851 -0.071801372070273817 0.15132982800924938 0.030755833921347248 -0.014712648406904054 0.070337926264381775 0.064534335334562695 0.025467463774009942 -0.11405768537064907 -0.018682543566495066 -0.1186519459097234 0.026443723206734059 -0.099023705307020704 -0.007640677128816731 -0.061880471747177784 -0.058759798873539458 -0.075966991953221541 0.01399683734624825 -0.088242429883413298 0.081050311842556122 0.17068958254789013 0.068888766742318919 -0.041910571315323282 0.10916556274522154 0.073041534596582289 0.02647392737087868 -0.081934492043185925 -0.090076216462699768 -0.10821357052384099 0.078598433103890308 -0.024566529004143019 -0.070462716291814262 0.090509255534642452 -0.12450731912692668 0.12659726538031249 0.12771687772443557 0.016408892053520686 -0.068160590070667673 0.096836249253827764 -0.029654210864239146
-0.066005089869159261 -0.13965231917988649 0.19173349553511615 0.097421568473955708 -0.081991663725452746 -0.1143025985569181 -0.26912356918684693 0.10929592121458677 0.11154262763733683 -0.15099455366334993 0.10925524591958677 -0.10388360043604707 0.1792466945934757 0.005993344144437575 -0.047225863839654665 -0.21060148645976795 -0.11930219203021178 -0.0031528600727409612 0.060423108338397036 0.05963924459955916 -0.12892984092100099 0.20414258839146499 -0.15862871050592159 0.12501025475920824 -0.11831830026336569 0.048218874342278277 0.063278641414309486 0.10217676358781277 -0.0080011886506145703 -0.021921796580206251 -0.12826942148876416 0.087385015926519399 -0.11800485694874319 -0.063361147359901213 -0.17591356023021415 0.031537285095501653 -0.15587389443748972 0.013093584665480208 -0.04571241567981385 -0.15215683624719059 0.12208413973213474 0.048446907418233404 0.03903395660161306 -0.031328404270818788 -0.044528675272515424 -0.069000385442359258 -0.014392474658684078 0.14692646801879575 -0.16734143532922821 0.21821655665475306 0.08058468140709614 -0.027457107444043567 0.18216655420344116 0.14647141472326455 0.094260863871007503 -0.016834422129744505 0.10483843953468183 0.077112012399591021 0.086492260785953068 0.020341020147208195 0.047354992661724098 0.087293854145790079 -0.12712471109890691 0.0046024346913001394
-0.03656732404545953 0.044731205042241151 0.025016245378651297 0.091166410380750226 0.14623498049513659 0.22174521587707618 -0.07740636053265515 0.18341324776385423 -0.023027914483527083 -0.13331479822489814 -0.080873762935678439 -0.12731064536511047 0.093258082323024988 0.01669760346270133 0.12502209432874911 0.016539832945645611 -0.083317121823571497 -0.013711591574870046 0.079179953502851341 0.06570628501914838 0.083623555412094083 0.16442450936418931 0.040395610603734255 0.027906012749183747 0.079847463310665237 -0.11948519651820227 -0.060634160301109172 0.13726015656467427 -0.076995264982979539 0.023207312206896501 0.016277627968241001 -0.10422516892445421 0.089431485579925932 -0.14991323897771541 0.15273454937078934 -0.045907435420198442 0.021717368825535665 -0.041524481427249328 -0.11602255354970971 0.15673803543201698 -0.22307409048011642 0.22114194320174896 0.023939584893310488 0.0046317375665988689 0.0076854478550407689 -0.034078835737504976 -0.18580037598564009 -0.045878440349380253 -0.032119907421512786 0.023365905396073926 -0.076849142027870937 -0.17616034755959245 -0.046955733847712323 0.011911051713449524 0.11101173060165026 -0.16431673538094219 -0.0064095940638857997 0.12099269176452046 -0.057313148470977342 -0.13440846415942834 -0.16366188131505202 0.08174592052871818 0.10442408523881304 -0.11854079175289897
-0.13410424417630148 -0.033120845074715105 -0.15782067106498823 0.0096935928348600934 -0.18052338273425989 0.023547008427363011 -0.13334631664496693 -0.022529106581143914 -0.011486331996294057 -0.16294403784455214 -0.27530513286751496 -0.016982764152927494 -0.14987744115690188 0.061115676738351991 -0.16730683959089723 0.10259816136217911 0.16968104413247584 -0.11948466506512458 0.10927046591948088 -0.11529140938447871 -0.065365628803854103 0.2061735498615348 -0.046998438847705735 0.13584652100408373 0.083166389320049827 -0.21708190216299239 -0.10001848787439017 -0.042997115395025591 0.065178606286986018 -0.29826846366156956 -0.18812557009175743 -0.10920038603089864 -0.084399639696260575 -0.045920214508605818 0.21740670583675117 0.11265664947488702 -0.0091271332184394496 -0.38732365154258758 -0.037220601662674727 -0.079642715137718936 -0.19983707410846258 0.23925241658960988 -0.082568258830118493 -0.1008021802948718 -0.079922594120695092 0.14420257520102958 0.13230149418127113 -0.15173868514354563 -0.46743329384310411 0.10597435928905342 0.0067796695662144376 -0.025289742045701384 -0.047489662509473562 0.095725765180354444 0.017137081561236379 0.11202574290844072 0.10666695659131681 -0.030139945651729762 -0.039087542658521504 -0.019692735375595096 -0.06478418606153942 0.0094089672789085393 0.32956143161278556 -0.0091608919965753648
0.14059623555125306 0.13283344268340364 -0.24570001162655999 0.058517344037976551 0.082758133678498103 0.13657002197160989 -0.15093704658566487 0.12168320686910614 -0.092410610732653317 -0.061267550613277051 0.092924032471930471 -0.16979031640627995 -0.10462646991017202 0.084262084461388859 0.05936968565840571 -0.14812938491395305 -0.045636640294387111 0.033920536699666146 -0.052845960172712619 0.002400981886678821 -0.09053291447079935 0.29769599029998944 -0.091403996584867198 -0.0011699049029405214 0.019223778954369768 0.041400891484222338 -0.023966579873569038 0.19538218034188456 0.12746792825154224 0.024037188420210215 0.066064454749231227 -0.066135899312897067 0.08838924392937117 -0.16366338270859485 0.025460914768108998 -0.12289774188238496 0.083954988508372658 -0.20665183467342846 -0.08044738911339791 -0.085782451472607477 -0.17649290257269135 0.0084177068702212723 -0.067325153408234931 0.14876489258937353 0.055649190719825922 0.041198330585122747 0.16538526332236131 -0.17938224220060517 -0.15724519454130398 -0.1738429020502113 -0.1845702189729502 0.033088539874068797 0.016304626074765443 -0.095187349492273365 -0.016036360934876027 -0.013719975606889177 0.059386003900944645 -0.025377442772942273 0.092903481689022224 -0.013783686487691786 -0.1072620537681296 0.062975191074391174 0.037774030288983608 -0.19953959474545549
-0.16046955193535323 -0.086621511572598064 0.060459930617066296 -0.20301313711542002 -0.030682566697400913 -0.12399328345812428 0.10892827615500941 -0.13918437930050459 0.051628092352789881 0.083755757662497987 -0.11717039633905448 0.017509020377447299 -0.078554610431961103 -0.085397790509448485 -0.1406313962118497 0.040238588625710767 -0.14098010226682067 -0.03926384363276815 -0.13220675285300984 -0.03324909647624405 0.076575303552963145 -0.37605148064838145 0.11611705703535972 0.05405805699583556 -0.15912849831762815 0.033210805137643823 -0.029124032749347113 -0.31910457988868723 -0.021508067707918223 -0.017250078475854282 0.0049010683268243781 0.012704191891774099 -0.15763412379603992 0.17497979450807363 -0.10139856307179965 0.15589438379539408 0.013866656862159547 0.25512354543777294 -0.035094470523942912 -0.020838756267072153 0.14097133073645654 -0.26292471157728231 0.016768214002411738 -0.030606227630696956 -0.096662953286909756 -0.014015853252982755 -0.10098960052238888 0.018448780650140512 0.30035695107364296 0.025882531120707004 0.045374192718395212 -0.067396112444411904 -0.0066207140767538357 0.045082759489315338 -0.095015514381368113 -0.13008069377467182 -0.07676726616983888 0.018160338566543827 -0.083262024091010564 0.14265742223338868 0.059944690506666967 -0.12055773771988493 0.0084240594086254575 0.08368398095667795
-0.071904400622656767 0.12748554036855189 -0.015180888976662425 -0.18855829745419483 0.17980605946945166 -0.086315548776456863 0.071311427338539166 -0.15302594512079773 0.14561115006136019 0.0487075051386145 0.092814773689649882 0.07731950171272145 -0.064674135251108489 0.027296040652594313 -0.024031505066146031 0.13560864479068993 -0.039741123434806132 0.062757918287129122 0.17796515928954026 0.13217864048661332 -0.10045671921108715 -0.031344414494999306 0.049314952655570489 -0.035119552833146508 0.066953542808923544 0.049401301038318413 -0.12808715905211579 -0.12776857630101707 -0.0027044941097695264 0.035807426997718418 0.16750629689238325 -0.073471210673202669 0.034104514982708951 0.050328502292285492 -0.077841275964867743 -0.047723366667980979 0.23532257102700088 0.046616748987654721 0.09093375630714394 0.060360208252621596 0.12242961978077724 -0.15064010306046235 -0.15021547353661149 -0.15872467675508642 0.087035149643359344 -0.010025486675539411 -0.045654479256131829 -0.080623478978304838 0.068486350487479475 -0.10930757744591744 -0.26314700263375757 -0.021626172142406457 -0.075760780803627151 0.025091645199026843 -0.089972218788537478 -0.020301085443661205 -0.053203619101345793 -0.1010829192426847 0.039453015573226211 0.068568458310659289 -0.13232990890336724 0.02295222590935744 -0.085885552612995561 0.18667248487887572
0.25720206803037859 -0.11910217198458746 0.037633747536715008 0.18398918969234007 0.16917293037481484 0.27942034987544134 -0.15190392876110845 0.057083337286911853 0.07221082208157871 0.035197481217957044 0.015070810418331656 -0.047350460104368032 -0.034538254603507255 -0.054056736816420696 0.1441702808099006 0.020471361311642108 -0.027107109825341865 -0.045040723308918409 -0.050333683264232446 0.063165840564403997 0.0080468504940642734 -0.047704114295741576 0.16325817517620145 0.067083942698828961 0.038612212984667112 0.15840072028034574 0.1999931821975128 0.05139218826284591 0.15695897459021288 0.069011669147248114 -0.039966517511083599 -0.0088967553948993763 0.062752751598550885 -0.25223516297952137 0.1835558728164666 -0.1450692429655451 -0.057833836148741803 -0.19487671716309032 0.063105142736928271 0.10476525814414436 -0.22144197261340581 0.15959125921304806 0.0062782406881160321 0.10800817520752024 0.052982176116562897 -0.0059340231109848542 -0.078444190401647698 0.086211197674543827 0.013067065486033464 0.015393670020508366 -0.013577921395680651 -0.049187661540164761 0.022275695309429102 -0.088325387832347391 -0.082381813475881249 0.022700329506606293 0.15224524566784767 -0.12749199187145277 0.011548415123528557 -0.029672237077906061 -0.086282368023557751 -0.060989470659420383 0.11792171182994701 -0.14587214158770348
-0.15727032218872714 0.09898136169150587 -0.10190570716146427 -0.046875397768482999 -0.20607445022435741 0.10874127873396337 -0.1486887509691493 0.17583827477593639 -0.093023050052480766 -0.023060702239494558 0.0051895526537109569 -0.031282540456743044 0.0045193775732159597 0.1212553362359856 0.069654174401428473 0.006965582395046431 0.15550340278967445 0.015007355567696293 -0.046089865231168446 -0.096853195143967646 0.057470872496217504 0.13607673819043165 -0.1102108429129347 0.12317034293739942 -0.067776638711868079 -0.06888381266263402 -0.098019407576205211 0.028144757886384923 -0.15442224560775109 0.043362045760297292 -0.07009458745219338 0.051977449013506677 -0.0317464972482897 -0.016595070100459082 0.019389846381125998 -0.057296266848406344 -0.050719169421374617 -0.073178090952615668 0.1219568334840493 0.064579754484589968 -0.17731520007319462 0.010938214007872404 0.085350446596246091 -0.19850237141725399 -0.081032859157238651 0.041363959663637338 0.058492360681593164 0.046355038755283962 -0.12114618820830866 -0.12788260668440418 -0.054554894178030923 -0.047603777834138564 -0.10476415107172857 0.078158525137061133 0.12420467112448011 0.0056217199985362449 -0.11418027377155275 0.11132323555457163 -0.092779751953524711 -0.10922591329062296 0.11835290580189481 0.056246878310937665 0.031891309946016397 -0.00032099381801152825
-0.22656051858920612 -0.027689660836176917 -0.077266857614594397 0.020612078813303521 -0.066177693163352869 -0.04081722129072942 -0.12607009707627442 0.096894796354976359 -0.022133504225294205 0.13018773410443471 0.085467257549320955 0.15098361287991796 -0.0077905262316828403 0.040408997218762142 -0.144373023901333 0.14236906871366711 0.13754853109481319 -0.031117574544551663 0.054940374856801699 -0.099207883516856027 0.10000472865242943 0.28710879297773723 -0.12178609183920101 0.080716228860112885 0.0076615968658053828 0.095727905331326385 -0.0026053970753514006 0.12769109197254322 0.033537709282361258 -0.14764252243507323 0.085171985246446022 0.016443977614244567 -0.004108601993889194 0.071026185802866265 -0.11301591474928548 0.15625871976946504 0.16071121117354392 -0.16051340020648178 0.11117455728018294 0.069980031080624658 -0.038158890820828184 0.072997703764129923 0.10120800933991808 -0.06961524889471013 -0.099809088459828874 0.16079190865876328 0.13723441207590409 -0.053974930098744198 0.13048212324881339 0.084304293310802664 -0.031993200886890415 -0.056458811503699954 0.15190210540855004 -0.11252463828973353 0.04680950414952053 0.012514312655178883 -0.071899811048069598 0.012340359108188256 -0.1468815125244041 -0.1219559326347736 0.10740690022272616 0.030247990031444814 0.087673243309134188 0.12516249126303128
0.020260814040371503 0.10673635023332992 0.20422956270458914 -0.11536943755056873 0.067568179367491391 0.15792353038655668 0.11693184589624764 -0.021261161269885056 -0.021958771572680728 -0.1135336906920419 -0.03156764432507303 -0.018004250334424123 -0.13605522422561253 -0.21551756985332185 -0.03257083769774393 0.25476648926887097 0.013151880298929178 -0.17597913184244426 0.034613070506052113 -0.10483948496708216 0.20140495963293942 0.12373351999865589 -0.021194986074280196 0.15317368110568383 -0.038044187849952692 0.095169060065864397 0.11509121964473037 -0.24475609879886617 -0.073969785195162049 -0.031135352447453715 0.039249250194149696 -0.20948989892703487 -0.03786522680525866 0.13182089158484481 -0.051037662764718141 -0.082826552920625587 -0.17512347214627608 -0.0051251280984593714 -0.059338719208503359 -0.030822023767980107 0.091020796891464653 -0.3094771553989456 0.0042165995068736313 -0.088307907395413332 -0.13065527992278361 -0.045081138922570665 0.031323065923665322 -0.064491824331079514 0.097356200804669502 0.041441668664936648 0.0030919267266847341 -0.13874832871494586 -0.058673253058298611 0.24798411241402055 -0.0058504920477714488 -0.13209406562659148 -0.14541656667795519 0.084297407445059314 0.14581930480829217 0.16269416435539341 -0.095116366130943014 0.10123180950245488 -0.12671764111967676 0.040813289439440868
0.013857421505541619 0.033360173179314341 0.045176291100470604 0.080466857033064304 -0.088635120329066786 -0.020169468087706154 0.026287089144779997 -0.0046921095002721361 0.058595769527863724 -0.086644603983876536 0.042649254230491748 -0.1211399643005856 -0.096591475468216559 0.16253136764049936 -0.081637523109375498 0.010688381647877901 -0.10394644891246116 0.017645670543595244 -0.064901920886381456 -0.038258192996188316 -0.11433872019523682 0.029387231966025759 0.03142568106909284 -0.086303853888623092 0.0046870765900920795 0.13248511970061566 0.1470258322317935 0.14728752170554477 0.15922214609669441 -0.041176742382669176 -0.099717505608405407 0.078983904293494528 0.06479696525514364 -0.049832608090803573 0.074372232946307085 -0.073160506404211539 -0.0026996743979890345 0.074865693541420641 -4.5004741632757883e-05 -0.13356673304072755 0.11321747857857044 0.14834040020453945 -0.027169813993577679 0.027985926476561264 0.093474552281609044 0.017437236534554833 -0.045225162703230556 0.20299258693521879 0.0053312180010945311 0.078086213824874504 0.11942781071704553 -0.1096086237276295 0.073091444149650173 0.057321413092324303 -0.034833587683798226 0.090400226507043158 0.15256086787324435 -0.023730900749184956 -0.045194474362154076 0.062062302364571179 -0.01346689114033897 -0.065524737085897691 -0.02909062350790528 -0.012111198303320589
-0.070048418211015179 -0.21797655617597991 0.13465920967131023 -0.11788898311968725 -0.082454828517313686 0.042597418316722702 -0.038231367096938029 -0.043367521331882097 -0.073006830452886778 0.035083558054714511 -0.10460558704093172 0.14465424684527031 0.11714136116268037 0.0057173261660127973 0.01388302229835827 -0.07159003964146024 -0.10348574821120857 0.010393644635924338 -0.051246218708849982 -0.045526330635285495 0.0049769951643482534 -0.016809593015005637 0.089756306032815217 -0.12890006189330885 -0.1271961722356979 0.010075460488551022 -0.060265940577809797 0.070517908323905809 0.0098970362187279278 0.069193295482598727 0.09862871798260163 0.11990992874367887 -0.057333653845845454 0.079559261773382128 -0.038195581906576084 -0.088413730183872136 0.033174494929899032 -0.080560536721825074 0.018837238087415151 0.00062815470065410517 0.14056631673343695 0.065924338118645259 0.02959252831280848 -0.056239860769333162 0.059908783639111188 -0.057994642449570005 -0.035091914624547242 0.16513638585757953 -0.074526085529737954 0.064823857267947052 -0.046369364701046155 0.21093128158362651 0.10670384473202416 0.054146148806365431 0.08274229747104854 0.088462133247044203 -0.018907663316470855 -0.16899566761509585 0.026375162137802756 -0.11694645577613381 0.099229334728050927 0.044055188445360723 0.047450658964630632 -0.11753589245596503
0.079182674941108838 0.14479817831485614 -0.14009603460670414 -0.10848760521887561 -0.028383269577505532 -0.14254589617711266 0.093375481725241571 -0.12158053715177715 -0.055712897055025558 0.14681680739446293 0.12230762535848001 -0.14816871241251175 -0.06195966543639949 0.10326143419347331 -0.34708873272994573 -0.12815613673135626 0.012032738094540651 0.097232414637424991 0.077155091240779378 -0.13537314766022246 0.00060360560424671625 0.55549523756968455 -0.082076040514637766 0.036385222983869876 0.14220243045679404 0.12573368107548283 -0.11710778483065862 0.25730154382235376 0.18319731877942591 -0.22445469740751195 -0.10508948360459142 0.08556484954119567 0.026858968287807226 -0.31403102262390609 -0.011472143219865297 0.11733340840348885 0.031898563611914559 -0.26163976271377543 0.079528405475053507 0.27861862951857452 -0.28672625705025834 0.082021936058403064 -0.04840163601839325 0.23904500869379749 0.10775318373987058 0.14589586856080486 0.075944231791264388 -0.031968149681835707 -0.020778366945456858 0.22672799259633056 -0.014491484458761009 -0.081482686480161631 0.42872303062579586 -0.37160453306471786 -0.044326097782932929 0.20249499656720463 -0.092988588008969142 0.023926259550356838 -0.21356181499514351 -0.29703704275802034 0.11798711750207359 0.021105878542466813 0.023985243029091649 -0.18341738035924221
-0.12489952618608437 0.029389687380195973 0.053317992958972181 -0.10771167882639478 0.10380783537640073 0.02186840987349022 -0.19642205420932013 -0.010489679744344961 0.042147183135825793 -0.051145523070906355 0.17043292718795044 -0.042169711685566394 0.18563629233068449 0.097590804943555362 -0.0088862815703118821 -0.068199731389870663 0.024646185552085653 0.13057837357375629 0.046188848545535136 0.014331932857546937 0.045815785544231838 0.29667400773266295 -0.20448937039743709 0.107665627727593 -0.11745147386425094 -0.058948397476810611 0.034001552169383706 0.040869638910669477 0.03773925006026025 -0.10762830428485155 0.1096390866099827 0.10672025733038552 -0.12713253892461046 0.1190118109255402 -0.20018649786638024 0.0055128354598619903 0.013507494841809872 0.022317781312944759 -0.014558406212308649 -0.13441058840487316 0.29771084957515243 -0.0075501535217458631 -0.10146595061311633 -0.053480067511899099 -0.058982503338276163 0.047323150156558288 -0.045460697327712886 -0.051863615078122025 -0.08052770198519027 0.089626140189611112 -0.10729244760777742 -0.0055291423883827373 -0.052094894785847182 -0.069471554412296757 0.079106114843977407 -0.038212729023682036 -0.11537520089088427 -0.022186454340610597 -0.030267241973986232 0.048553911916446812 -0.090812196653494506 0.049819311171581684 -0.12805621802916525 0.0050230889616858189
-0.066306664545491417 0.16952953540313001 0.12571565507303764 0.04551123541134889 -0.33586104067135569 -0.046836968752040735 -0.15230833482929976 0.0050896958369246199 0.1401904676602716 0.13383888094910781 -0.10899725113543485 -0.18590645205699624 -0.13096013644010016 0.058920263991528096 -0.1432662481225653 0.11046105862603325 0.033446197815656942 -0.1133675228412943 0.091388696062939381 0.019327287197613622 -0.12290798449008111 0.20382699987816758 -0.2780593489036417 0.15981133928103264 -0.13110585317855955 -0.0063984584461101585 -0.041170543673251882 -0.034639326018580163 -0.24946109425108856 -0.20308291534196213 -0.08334018050401136 -0.0050203692054525823 -0.037708411282643191 0.036681785075193082 -0.13457098851289501 0.15015326741308935 -0.19574648982545237 0.061952676010238031 -0.26760324162559396 0.074536960577036682 0.011827535321510664 0.037122594414941763 -0.06831505382322102 -0.031651809138865145 -0.089769477561588748 -0.052084864385170251 0.069186770928218955 0.085450379638442819 -0.19448844913371502 0.0061375433461356944 0.07694637212313242 -0.1308967037717835 -0.049465762241471034 -0.028525722588439547 0.22058801613444776 -0.14643711054928218 -0.021782608450889817 0.22195452696495879 0.010213343984019092 0.066263372990569877 -0.0010199062540375955 -0.067802671409395665 0.034005348733745347 0.22225401240373543
0.018918903218282941 -0.036377553581445114 0.18100375186846571 -0.0090462652266282261 0.052543000757799385 0.021153135242482208 -0.05844370049406139 0.074645205754946986 -0.13707248534961927 -0.030270146023640754 0.063038574706220679 0.0056791453613183321 0.056797377855588298 -0.068912878725369553 -0.060741105839927041 -0.084021399770566163 0.061660877126653781 -0.011865789761165244 -0.026556639959759723 0.033359887682733333 0.15619532456289703 0.059925122633130851 0.019632063135616645 0.10846641274717236 -0.080018068647879151 0.086592783594581571 0.06091955574117499 0.12684118005717487 0.12197412563737321 0.009972152189962346 -0.16022831940890606 0.15885950896852943 0.081357295080856387 0.012658394997701322 -0.048898962234105781 0.055374739244750476 -0.048400355008154643 0.070142682391760372 0.14614866671006696 -0.22299484488900689 0.10547658088139888 -0.046417960456736858 0.047181638258811623 0.16882026384755242 -0.09981280765693161 -0.041696374133967852 0.048402874527770381 0.12384511854382893 -0.16711579108550312 0.15387346976519561 -0.00093641456913539506 -0.06433423104249672 0.022310624075627866 0.093542952542761224 0.02152515607909733 -0.055344142850608076 -0.0013024227663681238 -0.18665701738025023 0.070747805245872084 -0.060928709139287718 0.053637000260460595 -0.045490181772059171 0.064126539338027186 0.034480089953436772
-0.042971736275715475 0.048634289438979295 0.09476658434759555 -0.041326681284529689 0.098153603617893395 -7.5882503236895693e-05 -0.0026547568421671618 -0.13648092932524258 -0.051567973672250599 -0.080093866126268745 0.08232630772078095 -0.049239009549361348 0.0080988001146257097 -0.076923491336333819 0.14587463685625085 0.095321550444233849 0.0020528053415886254 -0.085246277197554496 0.022837467372868694 0.084523865192883477 0.16476911374287306 -0.33894436606108613 -0.16467512990846161 -0.0454898393773892 0.036700966997494804 0.13808610493005791 0.036734340871341004 -0.11747513529314182 0.0089663296154766092 -0.017288788834472296 0.098703451269300829 -0.16572649053467511 0.091118890639994524 -0.020317878041715965 -0.16203865419591174 -0.015158845408242428 0.044439611051204239 0.0081434429134726542 -0.12870425455317497 0.021545059629094355 -0.029659879129495522 -0.13973470482863004 0.037144684575456721 0.019499279308158403 -0.026182307022415047 -0.038110753039494197 0.053080425315197959 -0.14876042078562832 0.010524989600858839 -0.10894507196828755 -0.027685652750478736 0.088438089446867763 0.039032967365270774 0.2046286543542869 -0.13092654740320758 0.046877826703409925 -0.054765126212251464 -0.010741042401406831 0.069693481433631091 -0.071619458021948357 -0.10118608784515135 -0.18117793505643415 -0.072381045649709846 0.099216330665937102
0.17402907531199552 0.11441581699510191 -0.050106362172209533 -0.066127443102140498 0.0085028947830529337 -0.11639269107821076 -0.10388849448085614 -0.11424548623275767 0.006099763492309257 -0.15528929116354082 -0.030594873802266994 0.055999257366740517 -0.12925076497434448 0.086146919350895954 0.048929832695445027 0.15769495410669823 0.12885571699964871 -0.022952929482614893 0.070671554932466046 0.047342978536210993 0.068685001859225117 -7.1693730963301287e-05 0.022231125726740956 0.087243033844800269 0.17055627343126264 0.11943398682875436 -0.017963795479952922 0.12514718802940708 0.16014950894639596 -0.014360867787744655 -0.085707554101891695 0.048022764308343749 0.047726288803863953 -0.061802370737674438 0.098002545841650288 0.10064568744139606 0.020959060544850923 -0.090681618392878707 0.12404789815853137 0.0029001128164533665 0.016646463514223369 0.057154468565869768 -0.19318830419457772 0.053107790831279283 0.015051842199523706 0.0060938068431478044 0.11264080223197262 -0.072735561316024128 -0.022666653022252934 0.17994096477249713 0.1032968971793614 0.0091731346614484805 0.080641073938253913 0.153585868585291 -0.0090759867172717015 0.0074709952484886977 0.023985736893342761 -0.075528072929065188 0.066418186866322212 -0.13776162498199854 0.098373345205081064 0.042896793476788236 -0.037593806846437303 0.045574981688051026
-0.0099151555420521724 -0.055312772401741338 -0.057623119927091487 0.061970969274093159 -0.086505588024162069 -0.01155998701219807 -0.1582320521047467 -0.15223849978196707 0.057192738629513074 -0.019208568365241738 0.25268809335805326 -0.16300059593602242 0.03581218281103378 0.15491178319621998 0.095665744819294851 0.050043863212805198 -0.097288831317767138 0.058032699788581277 0.14580310252045706 0.042042288920208254 -0.099234539531549801 0.026162425362225114 -0.055595615186319287 0.10002547552287917 0.11901995275051852 -0.028791940990109798 0.07387732953907869 0.14909273219676536 0.09874402416381714 0.089298477547003208 0.082673031228004012 0.061894937862403875 0.069637912242337341 -0.19723465131087745 0.091214141495769355 -0.15584054025904201 -0.05311689342981616 -0.072832184621848581 -0.04315788443075759 0.080599764021638445 -0.060543060871697633 -0.013690605810271204 0.13544946723737186 0.2249954647202641 0.17028058747723454 -0.031521183214308808 0.038288444440092072 0.031790163813506848 -0.13175811917490937 -0.038956738615347063 -0.22267406038414586 -0.11711092778929268 -0.12360269547419088 -0.13472643332721015 -0.063799498793170817 0.074379622463849229 -0.035734347272759141 0.06249450944361977 -0.044816512695683479 -0.099932783768203429 -0.1242312410861335 -0.18015116361045061 0.064826316216731239 -0.068617584046792954
-0.22005959399223102 -0.049642325220906336 -0.044074756052571488 0.016209725127965906 -0.17348673503874934 -0.094672385634511108 0.12322304769843402 -0.021027816713333234 0.083714751382950092 -0.049633993380067749 0.026962018369805909 -0.0337922971529327 -0.19492934936292583 -0.035359971185518542 -0.075521065065752763 -0.2222571124946342 -0.1145309264290985 0.16648976006360339 0.071360037718373792 0.0055309954485832221 -0.37242060277392436 -0.11114850078765255 0.016504379085397737 0.049684621128694012 -0.15000571742072519 -0.18928727124093167 -0.03683010776495952 -0.034387641580591516 0.055203282802879318 -0.027745308333740167 0.010286128129142095 -0.059956474751844346 -0.022270807659821684 0.024007355830376501 -0.015198718001688195 -0.018276413909681797 -0.024356296839494938 0.084261992884476278 -0.079411513006396164 -0.14562547263851802 0.11281919279173888 -0.02010535542746112 0.074524911657812637 0.15663008457689176 0.011986989434660309 0.083074021687063071 0.041273995554735481 0.088236244890031346 -0.078351290676762733 -0.0151842043770126 0.040037915288245157 0.10875481013616212 0.06421584047231052 -0.05913307969363981 -0.17280005907621482 -0.063092608858364027 0.1615983155968127 -0.067206238937690413 0.069052990657420099 0.10188899757509286 0.14498648036131367 0.044804901056307266 -0.075805192146428849 0.19202169573468814
0.17617041394797642 0.20202161982393213 0.035304517658136018 0.065994197504757851 0.10399875910726329 -0.067658001285081204 -0.14476473750508204 0.047721324289555563 -0.076003818638828893 -0.095172052377097374 0.048746671715460724 0.014278314411643574 0.069208311285805332 -0.0029095721046877589 -0.10947722995490951 0.17402053951024316 0.068066143613832966 -0.1333487715681709 0.057149901167925524 -0.043660094618572017 0.0043463558660731521 0.078803893819674134 -0.015518954197868237 0.1620695746456961 0.1519771239805553 0.044266961808146807 -0.066153891215166918 -0.069867686235568979 0.011043905921323397 -0.040043068966797532 -0.083897574646448772 0.0032480071834233948 0.089190425653006444 0.024704819948024936 0.040012830210127477 0.069958959334925755 0.015349006806569209 -0.14291994378462189 -0.1219804856530614 -0.049757760267767799 0.043973015255729928 0.094181804227523452 0.013008047028690814 -0.032854512258325738 -0.062909354681849008 -0.0780946203306674 0.07868653191130498 -0.06476245410623381 -0.33244677112918786 -0.018841241569782709 0.059020478190590628 -0.015662550946832745 -0.072480289472188097 0.20908822765684415 -0.057519434486433686 -0.019530072873850821 0.023717532387621719 0.12118369720982515 0.036542164805953348 -0.043960982156960801 0.02859954234376488 -0.090230413911243881 -0.03879491522738035 -0.020231799081385712
-0.046306221985784733 -0.22928934497696027 -0.08454851791826079 0.48724971863287475 0.17725788917088081 0.29162795698988958 0.036268404417769497 -0.0025652535121025973 0.34782768344651621 -0.34802383536184128 0.068474198934235578 -0.075167436451942488 0.052151783025958749 -0.14638410851146078 -0.23505533211290269 0.029118484317030617 -0.46749307259047795 -0.3669764300465268 -0.38659342159647547 -0.051902868921099785 -0.13036373208610397 -0.27437554493206945 -0.29848797817080014 -0.2384191910965329 -0.041766639171820323 -0.0021521813668327738 -0.047857377473474016 -0.19982277933093895 0.41513209878413027 -0.20916386979781951 0.058553357387060502 0.34809374216007982 -0.19434110174523084 0.21149530563840852 -0.4671222876215082 0.0030305813320148393 -0.28277655450068712 0.21215243069604145 0.047941906607254017 -0.26058394401338592 -0.034819911864610253 -0.030103057340659673 0.072728782427540647 0.050513310685415147 -0.24405387006042445 0.83083720089039692 -0.065040740873720762 -0.25055874279158419 0.04652249670994537 -0.21026630313310446 0.16342027690461877 -0.16579679640273107 0.26817032547778091 0.04337532345786238 0.092324671348614051 -0.86499711171156313 -0.05279644389135689 0.39692577535626117 0.071666120321045856 -0.00078545276126721437 0.037966492175408297 -0.21680258522742915 0.083246812309749493 0.20239232295731938
64 8
1334.4051377749909 -546.0346541811748 689.64145704970213 -473.5948027206847 783.07932791042901 634.38042781579111 51.356982930145762 610.22330599019313 -668.10211148646727 -667.41991142962388 -1817.766989340503 672.01358025994728 -303.85259140326616 -281.8016669698896 -1987.2744331875747 -335.27523924371877 -790.26392415538294 -170.09049346960657 -438.49604292337966 86.213117095215011 -458.69371707496998 1132.6616733842509 2140.663147369929 -97.072954002420147 616.09892754791758 570.04465037143086 789.84469098412035 -930.98590812696511 685.58490388362554 -731.8686064161019 1114.2680078150238 1495.8667288043091 -700.68563996042633 220.73491081578814 1279.7598745531513 46.861826582875231 -216.90971667539861 1315.8056077259378 318.73730526662092 -110.00834910399932 139.27199552029973 1234.2328064701894 1977.8946284687245 -17.387338965913305 965.41895440294309 -218.25892537188795 295.52408410363745 -448.94162757594103 130.53653245611289 1278.5886460275308 209.74583121749913 -584.12085148497488 -729.88522919305012 316.0201503314417 -53.879903761978134 -110.93101451142543 -1359.5484351094608 149.49145070183607 -1047.42430654437 345.06600120180104 -1188.6373671763961 1125.675728929825 1142.5132253033951 -642.20170085592224
83.051974835070197 49.894486779271624 30.044913178048059 -54.56345348922104 -41.502276763705872 -16.682724478160768 10.053995181549594 -54.31615780343418 79.496155863583752 -43.695232131588988 -17.767095419792529 63.637158648467938 151.11046916014615 -136.9551348606422 -27.633903001973131 39.366215262730996 -91.43548475571292 14.546263649589196 2.1132943025488076 -16.207973158788153 -72.517684415289736 78.80607151792799 23.719483238465163 -102.79581176241985 -46.782272088298313 2.026472003566663 5.0402008221380097 23.828470707492045 13.796708060310147 -89.548476877147692 -39.980008542844146 79.345419231029368 -23.89999996243624 56.114515332699227 -59.273944077825711 75.255885971029969 -89.329148441309187 -2.313674019157443 51.820172494693892 4.8065133461035208 -57.264257196397907 -32.426904656350104 -26.132579254315043 78.28448709262878 -54.572881178831992 -15.556523852780886 45.518285019320714 -41.873159185835341 -11.181115611252949 -76.212763742938591 17.749322912441173 79.335350332117869 -55.2933563529255 22.991846373401341 30.493334038227047 209.57183586621065 59.015372835911009 101.83956340059187 3.2795610766978807 -32.044159437470356 1.1085376053229796 48.469601533210295 57.245953826358047 -4.5979393726879971
-190.32342004863148 -99.278303915029369 -191.52425913714032 49.247311629225415 178.34282222319035 -272.02628718029848 411.44417665879945 108.05567339321617 44.511029751908531 362.57563726920597 -73.061573236914839 156.41827417809927 47.099536595809035 -254.48997799264356 -235.86601962777334 18.739846295787412 -358.08867764240227 -94.143344157185595 -15.87680591088454 -195.65175527895883 297.19563633375458 173.6624454643696 -8.2650274565191051 146.29052567750429 -446.20834181507757 151.29273282235468 -195.70610571278823 -162.66919394505112 -18.487591977964225 147.89559517028181 -182.93524133416406 316.52895127020412 410.47466675069631 437.10190166939742 -154.5449516232085 -134.91890966546316 -79.176233478509516 -333.10163610159452 100.04877537697546 -228.79115401268342 -137.88672871303498 45.244790315173461 28.051305417757462 221.12700149486378 -3.715699980915403 -28.724830784454458 -17.808058312489752 9.3735462541162189 -137.57539836481467 -94.696980881365448 -292.7814728022305 -182.23015057100562 -90.599081248768186 142.09371957602391 507.59152067721715 -189.22921311470435 12.233321321564654 -493.76686883516379 -51.933332633144772 27.319393885236284 -198.70971677087837 -38.209257892193172 242.9757973631651 -83.170466277610316
46.841460840250221 156.99697870229414 24.817443883390062 -220.68482173015596 34.667276243420304 21.022979427709195 94.422612795883268 -121.74579362222376 38.411451304115729 -153.88210464123551 -98.593020513607613 -157.51595770744044 50.544700681729104 -34.753894987304882 29.915328155796999 90.176232437972089 103.47690424703011 93.377625886121805 80.434788130915578 -54.084915340229664 0.98220339862005313 -49.420739913155842 34.672519648326841 -32.980353054209338 -51.723982175675083 115.3285263395164 53.4373439608529 -19.929552252271151 -105.73748353755249 -1.9009308265134712 26.686225697120193 64.085414752494628 -117.49388644288457 92.450128175864322 -207.48099400839257 -47.772892977534745 56.048380849615803 -47.173493869401625 -61.348194483344578 15.365755951572945 30.956815896045782 89.500284913152782 41.443229208689182 93.294857328102552 34.285587115625027 -260.99352533348832 -63.078684550563388 55.157943561302595 52.633908605746086 -10.53196090983851 -78.942441137903984 -33.680111658220113 110.13770559791602 -25.023386754345193 -34.089885610399506 112.07448506176752 104.03219288272076 -37.156607912361281 27.568078637190879 -8.5542758641724426 -114.00108832230845 -23.081882321759807 10.864704643005719 -37.972681691578408
-28.395796921234091 0.25739320401881316 -14.046650714494071 -90.436164109369983 -101.67441821934783 -88.644827957385317 91.998350525391871 -43.288037978499958 4.8115563320434651 -76.837080654809739 -29.916162784291927 -206.59654641034342 -108.21102903179241 75.931004764394856 51.048286072228791 62.948286444348923 168.23429248189379 87.306966808594595 120.37909131745485 81.521305547774134 -7.55108038220565 -70.78967139910057 59.903995151663274 84.283057999711076 42.909455666118156 105.88026579652821 89.398675876690618 -49.175591735603724 -59.237015985822424 -10.446311983152544 -88.446240041988972 -79.806221144945482 -83.811026576732871 -88.051683768715534 -118.19784130900705 76.108878582719058 94.301518462397595 -67.329513325351343 -90.901943490101232 122.05583981108771 -28.422605986655007 123.38496816492382 37.601726577755549 -26.160271122024238 -72.614287967629082 -198.43707943348946 -115.1515325737233 144.21648165329543 21.606458714393554 -53.897773715400689 -40.685020373211458 25.714250292638351 107.98472767444443 -5.2320142521198907 -27.879853127406822 -88.096453922120361 -37.59982088494219 -100.07553469731816 -23.653108659654006 -16.072315344820645 -85.414454107728844 -79.55714743187734 123.8534450497427 -113.5510316265019
-3.4074146596966624 12.112528021399131 13.414463347031736 7.1269915369393679 0.68839886173062925 5.2182229411052052 -6.3100387817875205 -1.5902741130860365 9.6863058840770861 -5.3665997391759737 4.4962592747847774 0.47485682839735782 -2.1566178304949664 -4.5723985964172984 -1.5407976306052542 4.3963850141184899 -0.66924779576953675 3.9577667825680769 -2.6962121553668505 7.7929664643579688 5.2780086516875127 -0.52737730707357988 5.1465716441995628 -4.3426021249022293 2.140895924227074 -1.8265960993810582 0.61087665307472971 -10.835279114540507 8.3629146824245737 -8.2577204911738491 -6.7885290956744191 -8.0446120947895796 10.11816750346404 -1.2179290594783849 1.3501814151480498 -1.2410631091523896 17.672696621623036 6.7168769578545646 -1.5772411615742565 4.1345410733319152 -3.1612415378013745 -0.25052925114693347 2.9566892125480635 10.861859696009164 -4.0179437120063479 -1.2482344820783684 0.072789192983950216 -0.91827815908932575 -13.613938715953337 10.38641460660458 -6.5052543083066556 -6.6806422864362141 -0.1925640671537405 13.037645843200558 -0.2995084868489174 1.1093945825762679 -6.6408110656488848 0.023644481783234573 13.658881044930858 -1.3249421239432522 8.4335791166053831 0.88544935898316468 2.5936924756542696 5.2442169366244045
-617.31238470286246 -2186.4338547356706 107.10994171247901 30.86738197253888 -3169.9563733391151 -3459.5308433848213 1013.4577261793844 -103.6121737768493 -1156.6554730721084 -546.06080010217806 91.583291640945333 -4475.1707382867253 -3374.87499282829 1876.4594042104432 1563.8321278703061 875.60035638823615 3480.3225023026271 1429.5162315769537 3156.6838006759499 1265.9831679261642 22.834510855280474 -1279.0939678153991 1362.9474817412267 3538.3007227546118 1556.7106607846249 1426.7490619151733 1828.48337694976 -157.67346677685867 -520.12035422543897 -588.40382733994056 -2966.274107159863 -3307.4777987438333 -543.58333239812544 -1328.094510324579 -885.29446876108364 2994.4149180513609 1260.615761815174 -1267.4166470272496 -2481.61222804933 2745.466859644398 -596.05463335221771 2482.9192842608149 1220.9869049183603 -1188.5943506910114 -2660.9647928318354 -3432.5645553750342 -2958.6351128645524 3005.4982918721689 1632.1951081744264 -716.46570848307908 -2858.0012953376586 730.7656930575838 2116.5077639965084 911.22441166735689 -1467.6954021788929 -3517.6163260302997 -2339.1166370276046 -2027.061093287095 -1517.89498430257 406.00441328476944 99.328279423883899 -2641.4535505077029 2468.6285071782318 -1685.5943648849357
0.11245014334817377 0.035568144417349283 0.029352012987831813 0.040202043309157179 0.012887730672786191 0.036463024088683745 0.062574111263959051 0.23051604895618422 0.067862977631865704 -0.073472494824150858 0.0042085816997978684 0.0048517925878911496 0.10647383384613024 -0.0094741520740294002 -0.11195172665299619 0.021561164910554924 -0.041794188776145436 0.21910392272476234 0.018191057430571304 -0.020050602661907641 0.045560448783345101 -0.067537693512843167 0.046291450549295295 -0.022299875985442575 -0.0086144617101578912 0.094797535244046036 0.061459460935658607 -0.043810296186139637 -0.13771132897228952 0.0097033495322993418 0.058756400269232664 -0.015922935634746258 -0.046432420281123557 0.086798793674204053 -0.063343618266033172 -0.034139475149924436 -0.050286289514429663 0.058993641590300461 -8.0492425145146411e-05 -0.037177951236935368 -0.12042665108563247 0.05988316094081847 0.064141518329331654 -0.013136098158387188 -0.10390233781339735 0.090096227891694802 -0.038854064623797292 -0.010439358744102938 0.070076683672382678 -0.041423663839920764 -0.021154576259735415 -0.040630187803897759 -0.069187699976246131 -0.011507165022396149 0.080372775233750277 -0.0056089282509835846 -0.0063425367224626628 -0.0047197834024550423 0.039330147042688321 -0.047853156511261645 -0.015372999836992461 -0.0095671737710620319 -0.017260721030704425 -0.17229113152668743
11953.365933757103 614.16270320715557 2501.9577405541859 548.4069679682749 535.24918725706675 206.07139231528308 9987.8916914773254 0.95519712712258542
