3
8 64
-0.0020487130109634261 0.0032851463450347443 -0.032806022301977329 -2.4559648850897311 0.098910919263527172 -15.987752749754529 5.6548131154934218 6.4671299598607366
-0.0011683989702428441 0.0021907476237264553 -0.068748400867619075 -1.2343824321538206 -0.84797192694347667 -6.7474621628527647 -11.570834643765242 -1.8720796639385002
0.01385452250013579 0.0095769823774383683 -0.25220344808926465 -0.98445246941299702 -0.24169223300311296 -2.9855976240516267 0.79838679635113319 -5.2115138298400661
-0.01224948775411467 0.0080281001163680435 0.3655998178238471 -1.4293581409309599 -0.23200021853427016 -13.420320984021741 -8.0101441821735033 -1.802405403900857
-0.0055303823770272847 -0.0023560194948894337 -0.095218222960189974 -1.9687390536813494 -0.10418694228713098 20.96954050603749 -12.632718496026889 -7.5031479945208179
0.0075421679762991741 -0.0029257577280411653 0.053478894076615595 -2.7629169512775613 -0.60189738354967037 -13.652245208368718 14.887018234919864 9.4682653321127823
-0.029429810157842868 0.0076627627976878923 0.20012064121915979 -0.044673338171833783 0.018448645156664754 2.6958318142793538 -0.48733138679369553 -1.21541704896396
0.014582961811102154 -0.01559404746025677 -0.061099372525336405 -0.94678700923711667 0.26862251046072161 -34.602937330574576 -23.973641246541103 -1.6801440599012016
0.0085541625165049973 -0.00046655887742884372 0.045924188508033037 -1.4911214291650716 0.45580882964961561 33.90781876199803 -4.025736805766325 -5.6391152097486064
0.007817237966365324 0.0027219621409619228 0.04444296311403801 -0.10408893418248005 0.31908190186806279 -20.733469815900595 -6.187216161416945 5.1022326384853454
-0.046155704260764679 0.012230956412681534 0.35411947615706935 -1.6636740072690823 -0.47048860034745982 -2.8430556310853388 3.160700095165478 2.2839602668784638
0.013268662321144221 -0.0068908620183510778 0.16172670186869337 0.68891728646851114 0.27855697835624177 26.835439815921962 -13.254195958268085 1.1973444203365289
0.016608788447439921 -0.0059115862550122291 -0.0087757774879353417 -1.4178311408221183 -0.18669168036251141 1.5494917718460688 2.3810952157509817 0.57786308708612044
-0.036254660887104828 0.014563903237337484 0.27084726541808424 -0.98662129997481707 0.30908356319853036 26.449922044183172 5.3336061722701498 3.6549777940283472
0.0089949196918050547 0.004996724602725747 0.12555870727670226 -2.2793350361433378 -0.38514497830388805 14.649380143532955 -4.5682660965421968 -6.1625910677479263
0.011075676835185174 0.0011658991448529226 0.0096452564491154181 0.44048209506973074 -0.62252154287815653 -15.591127753773062 -10.690340409639544 -18.08302991491697
-0.0074655348274746498 -0.010551351906384874 0.018048204258413501 1.5555223884262241 -0.17978039109602154 29.767818727380757 13.828310785603753 -0.12581878702062108
0.0015081464457730352 -0.0036121030454939404 0.17080694046812211 -0.021793430281546226 0.60473022920923292 0.46787779471323715 0.29855779619880785 -2.3295151132306571
-0.012535166458165848 -0.0022169024674940766 0.10201244393076457 -0.79720801970114752 -1.3203512095226184 -4.4782748327429749 -18.266945511026965 -9.7946827822081985
-0.011531799486197529 -0.007790462831906121 0.19717945024158254 -1.7684689694322158 0.75036363813586915 -17.155984806619308 13.93380974912446 -5.4094044403149013
0.006949664933095844 0.0022033937196773018 -0.27763799015864793 0.41092099230727663 -0.16391014307081664 -16.137279673461098 -4.7940546336939605 -0.94304088606654601
-0.050111781658406337 0.0040867667536158775 0.22072049314682271 -1.1115752406418389 0.33151628225854385 -5.0265955896116932 -1.4793265709150774 1.1335947972743827
0.0013136501325821074 -0.0090428878547024073 0.28624857238174212 -0.3521434180917139 0.069245873963086055 -5.2134924904495934 -1.976229106856763 -1.6741244332660921
0.010448405436507152 0.0031108632703057836 -0.19900343958544778 -1.590957309688984 -0.59703444874809264 19.585948039212134 4.2926761061443681 8.1038895295441709
-0.009943221641418646 0.0083342819862225644 -0.1021634894756121 -0.21807267946098061 -0.79290482528849282 -6.9390336966139783 3.7987227799992729 -2.0403953809028996
0.0090204944877574997 0.0088266246008277243 -0.076352636691835396 -2.636298453617079 0.18448783834397384 20.669578570729794 -7.2762331872628581 8.6972414103059883
-0.0016753274583069157 0.0035641795831493194 0.11640443344216696 -0.74555618122965783 0.59963399983382037 -2.0617426726933288 22.277666669142615 -2.3666578760341346
-0.026467462951922236 -0.0008727801338510447 0.33769344811774737 -1.6108771026885362 0.027794896093205953 -2.3883782311985895 -0.39342778976266424 -0.78088600496310034
-0.033792008152993477 0.015689959866272554 -0.0021139280849691027 -0.042491795857575829 -0.0079732192749024777 -16.450037612015596 0.60636504389459123 -5.1934118488344128
-0.010798861459158352 0.00091634012660046695 0.10449956146393458 -1.6035361982760983 0.87982112288547243 -16.36644258610292 -15.068203507647933 -1.6875021243499242
0.0082011033604243219 0.014591013823060743 -0.036961964347645163 0.075338115592813823 0.39958542784600865 -15.814115816200685 28.216501503966342 -31.442512674264709
0.011787171239536962 -0.0098571820785184963 -0.11814319318714876 -0.13588241353437666 0.83143237562168548 3.8221582695452025 -8.4643636293620474 -2.1163958613909779
-0.016909200564571736 0.011424949504954488 0.021247323364011771 -1.8866901991111076 -0.45634505326978847 40.693114332973998 18.304049261784193 1.9048572344298922
-0.0025947268415857324 0.0025866329211961621 -0.010378796637087326 1.1267458776117272 1.1865993590882766 -19.787365751590041 -11.037489154537251 1.1475032413725568
-0.037795566876093693 0.0099053713865366582 -0.091912866472189117 -1.8857029170511277 0.58919338121793419 42.280363812911204 3.4652744396200785 -3.7379602506030993
0.023996472348769622 -0.011927682067972185 -0.21955357627310448 2.0808746429888627 0.39933529656244859 -3.9929032049243558 3.5556912671103396 3.8322145683874189
-0.02091196490938212 -0.0010938675780199183 0.030363277373516906 1.0034377197621882 -0.17837812074931114 -38.40120271508642 0.98920340555418318 -3.835204258926237
0.029909699011470423 -0.0068371545387764755 -0.10057798930727194 0.034558157544714099 -0.0042711170284786947 -8.4741836780635715 -3.6704947085693087 -0.38561002020424856
0.007160195275647218 -0.025611689717297235 0.17196344590887622 0.71946767473156081 0.62770865292012878 5.2904612053581985 6.2009821550711788 1.8219702481532867
0.012556172986765816 0.0054441106959363106 -0.0089318235702871823 1.6858498469617398 -0.79220041886934722 -2.4199127950991657 -0.37622413111255554 5.4444369031753785
-0.0011396889184484746 0.00061844846286195684 -0.18786479147783822 0.65389056968323711 1.6426092305430882 -0.61745703646404249 1.5322255031238412 0.66427321777247839
0.026868814586541379 -0.0022405567367935089 -0.16732472496516773 -1.3032827973097456 -0.12266047919636906 9.0016600051006481 0.60264435987509735 -0.49255497375316259
0.0049343696680821175 0.02145405708948921 0.29197205320797348 1.9550891132725134 -0.33390291118069831 -32.582601774852705 51.125359492623645 25.314367995166336
-0.01910573114830761 0.0073755958795609644 -0.013372535346816908 1.4237973107654756 -0.15795774904063589 29.030318438549251 -9.2087423510270181 10.34234803520301
-0.010877166258835693 -0.0006087451195390817 -0.010210863027287792 1.3672084577620462 -0.46110447040651292 20.601027709672319 -6.3291724611790752 -3.2329581254648971
-0.0075983650083894976 -0.018191917485205707 -0.22165184609390604 1.987359087457562 0.80115218759323392 118.56339530042777 75.64050597702493 -28.907154001337698
-0.0096725943638779066 -0.00096011400425898431 -0.053327259957720183 1.2374449561278686 -0.27737288849212832 -49.568706848804972 -1.1939375190426049 -0.25645753232071478
0.0061022015135197326 0.016122888702005084 0.075622747283712183 0.82381458178349543 0.54434659121798934 -1.4908441137237141 20.401720600800552 18.369834175230682
0.019693407639662933 0.0088064356110946901 0.023998141550828463 2.0752113533753391 -0.06845512323047237 2.3806036895410374 -0.56490990752238746 -3.0329213528892547
-0.010202669863172512 -0.0055528486234972486 -0.057511382587753825 -0.24641325705835937 1.1238618288603608 10.732901967224818 2.9794981498299613 4.2612690138966434
0.011812475322206896 -0.0058223988398389565 -0.13162041232724103 3.6179895725222133 0.13891802225358793 7.76125565922014 7.8267809753090516 -3.4182269866263941
-0.017429467138403695 0.010468124655617793 -0.18046165370443495 0.097003912057537084 0.72337639117907204 22.463374302853534 -0.19755106849659754 0.89692781496666585
-0.0026632191442664439 -0.00081570084399490623 0.055148159975831515 1.0166355252090555 0.33446655312199364 -28.956109122021594 -9.390609640261248 5.7611194818511438
-0.0085752218161911711 -0.01891500174011411 0.034638037672380322 -1.6546054011786198 -0.45637767827570258 -4.3903527498169748 -25.417340629746953 8.775246118218778
0.018204393304346683 -0.0040748555210989353 -0.075737315722077383 -0.30458404513547371 -0.41663974112920982 -15.71400147398251 -5.6578027844117162 -5.7075493150329031
-0.014797581184937699 -0.016212679729672504 -0.0042106985870582819 2.4389378394827732 -0.6586561735659584 47.622128034717342 -13.442442278112718 11.202317908257037
-0.0036553675271988675 -0.0028017682555176605 -0.034137189867902887 -0.45828951180699462 0.4395784921722537 53.933799667949394 -44.40957216989726 32.15421379853985
0.0077386919729442545 0.012487902752567894 -0.18692178476647561 0.70565845967905805 -0.79781835523292954 -7.7829251975547358 1.1642522900459225 -0.26319786703622666
0.0062593305406906455 0.0088217764211455489 -0.055134180933564036 -2.5974601784656195 -0.48600371488479266 -29.497529451175726 7.899125192846296 12.769152565737508
0.022452295050537089 -0.0059685069962202193 0.21819891761214666 -0.97456579489164408 -0.36386825607875611 4.6860574535573916 0.47960523188721393 0.92376693420179323
-0.013113108718489079 -0.0011109669673582646 -0.016305717582671495 1.5254650764747018 -0.086506321304893927 8.3829824311397978 14.2528843088946 -5.3237309242558375
0.00062718617209257972 -0.0038370119956194831 -0.030467638492294186 1.4727071266371903 0.35451117700529544 -34.021688089838698 46.270457648348433 -15.720178937971497
-0.017376208715845737 -0.00027551357775179483 0.21780226997309199 2.0316078719868513 -0.62149519772073758 -4.5333280159118097 2.6201750264578529 -5.2684396598351482
0.034937855959044486 -0.0015042658851682378 -0.064570818576404163 2.252233775291252 0.15379596467381243 3.4054491415808275 4.5813982009573255 0.82751104191025782
0.30050781120064252 1.4762061437667169 -2.501925984039473 2.0814571114702898 2.6072923106899468 -1.5863748176574977 6.5051988324812502 -1.6039651391333041 -2.1865722661633376 -3.4094911752028385 9.3468636558395097 -4.1571771466771796 -3.6623641012521375 6.2200487323273279 -2.1228413368597394 -1.4336812531988692 2.469744241784384 -1.4645095838934525 5.1403895874596728 3.3293952138466989 -1.0174408582869181 10.478696642882063 -0.67354006413875689 -2.0593980288064921 2.9854367145810405 -3.3490234062690512 -1.1192384745928297 5.9911748078841267 7.394863489348622 1.8853090912972843 -1.9844993460662885 -2.2861690907732477 3.3410534473756521 -0.022846061257328798 8.0209406984306568 -5.1807269084305707 5.5646993683883403 -5.3576527934667695 -1.5460350159245246 -4.1470464576776429 0.69895444736424217 -6.1217346049194621 -5.9390229477032586 3.4507688946232951 2.9030337926877876 3.3176551238359964 3.6232913946945562 -5.6025234615387678 -6.8760279414248329 1.9354709800497416 -2.6325656879337029 3.2659983962325567 -0.28400003062062584 4.4351827233685253 -2.9897903183877306 4.4178031520409373 -1.2916930840545597 -0.75472658722075803 -1.4572851534130145 -4.980419680551031 3.395898134490785 0.19777922133802284 4.2487467420507237 -8.8558604061666841
64 64
0.007135262108773432 -0.10741390071341604 -0.0075208484049298658 0.23132006589180559 -0.095731752210129889 -0.040377668150179749 -0.45945089251832594 0.093120848135629028 0.043396020124023126 -0.16721020133403336 -0.047600487975437963 0.0053884741761360882 0.23492583707484749 0.083214100409427394 0.054574402235782776 -0.11183980940342078 -0.17312545522180972 0.034286650060601401 0.14638394427600859 0.18703282921392353 -0.19037010669607113 0.29596583091749085 0.082258824236213071 0.0198284919345714 -0.13733376401277572 0.017151260138657396 -0.083900253369436739 0.22363009809603906 -0.039640295206455296 -0.02589009941092598 0.019465937382842378 -0.037039136509522536 0.0094855767593125632 0.041591923408107467 -0.021897905809241072 -0.16010727224807636 -0.053224019874827506 -0.084283642204945039 0.12191009657119291 -0.094361755941524739 0.09748851444770798 0.20938468769250113 0.093148919730257421 -0.068860854415294367 -0.13000072777420071 0.076367875608097713 0.1110003026820075 -0.10794110499873265 -0.33193656900408863 -0.017918561752326079 0.078933956217291545 0.074669721977073056 -0.083429592293985111 0.035557115104019418 0.13193148184192593 0.03919705361968804 -0.066698299328278934 0.13599660162887467 0.061349173688209628 -0.11801498189019524 -0.041994441140203988 -0.13250488339544017 -0.15015073638690454 0.024922993650272292
-0.1401578243929498 -0.018732887238794103 -0.22613589201816728 0.021229351111942796 -0.097000390771492015 0.19294692922101139 -0.29801372715379204 0.21320052206359519 -0.12247206985833016 0.10179774824569887 0.083063980322959183 0.15342468688466465 0.19502199454256891 -0.1479384159077943 -0.28352092584418942 -0.12499235807121492 0.094074750616934683 0.3150689979292956 -0.087759890060077519 -0.095342318084809599 0.0091913182999901789 0.23000696795061831 0.34904820963219879 -0.22021799151163002 -0.13786391953268853 0.097705842271629872 0.051172549337688583 0.20028525316181606 -0.088197931114294539 0.065721099026014917 -0.15629703920564653 0.13168573128626751 -0.17673020368452097 -0.02184837693179198 0.016267614875869453 0.11588255079319593 0.0055399038267076057 -0.12078786512204359 0.54283042671710979 0.070434821045093687 -0.033762824917999396 0.055420156181217851 -0.028254266653872862 -0.12113313790303132 -0.026847414073635615 0.13331617017004341 -0.15483808706549279 -0.10585467282640257 0.021230483700131187 0.10242180853009183 -0.0043448387021884829 -0.22773296257124359 0.33071446455018316 0.12565233730032466 0.022899782494389898 0.043796599615327191 0.038705548951307372 -0.56588784439837436 -0.21649492721488492 -0.0044324913124476426 -0.056342773673308817 0.27079637885152197 -0.12450492765457283 -0.13167082121921356
-0.16187164650411617 -0.05790568516055182 -0.08317788992265672 0.22223308759401811 -0.18369933886172432 0.13424635604724044 -0.11610667779344445 -0.13414890381571712 -0.092527784747128236 -0.093980701812301518 0.25713645025251392 0.066159340623761873 -0.053881872333725468 0.05789029488785484 0.21876365911910195 0.015139878222407173 0.058879588241166625 -0.10656347695773466 0.13887127595210608 0.15155060519657759 -0.2530929163907818 0.2466577259040898 0.099948247843936022 -0.2508596934135563 0.029251642397001024 -0.093269798028656203 -0.078740267236807229 0.24794904917554444 -0.0039832712832731402 0.099608080369050084 -0.068964965743936443 0.077799759148655778 -0.00064820464787471372 -0.074442066103154111 0.093854698692403551 -0.23026825856816338 -0.25337348783310953 -0.098972951475739521 0.064342749737952079 -0.18907567226737107 0.11182892942717394 0.090109652735340856 0.16871324611837057 -0.047174901420172721 -0.10978508862931204 -0.026550523884274733 0.0032957701221136694 -0.036093368697237581 -0.10629784933140191 -0.029283950183469389 -0.087243149661075201 0.0083212223802460634 -0.055874472416648849 0.023714986220451574 -0.018555308443866332 -0.007199750614862316 -0.031353243780360508 0.081375298205576527 -0.08895338543565115 0.16982962324747386 -0.089732263749118343 -0.092486131002641844 0.10593362366502407 -0.0530835244207708
-0.11176773202726525 -0.003845105535219689 -0.027852347342317008 -0.049239872165340037 0.08627138744306255 0.01299626253672301 0.011543197788893419 -0.10628097845553097 0.15456341921266425 -0.13764981535854531 0.12588272367970435 -0.13297470735121009 -0.14463775107943971 0.11359758110648828 -0.06443700761214545 0.049274398739327527 0.023228328695281977 -0.10612012038537486 -0.043210726615335759 -0.096283651415000615 -0.06608091143802379 0.00031850707182669893 0.039790812837364221 0.031943835510233699 0.13685880696290206 0.010015407804472408 -0.098372127545521909 0.015809008773567775 -0.085622207731996108 -0.10843247136340724 -0.020265972177927017 0.0026894884927302831 0.067552722375427532 -0.039859963285030157 0.099603546072334764 -0.053259411798383886 0.057680981369507417 -0.013771087355747044 0.115828074423505 -0.01698481266798189 -0.10939988785596244 -0.039834406036494949 -0.0013489516946559837 -0.042833378011787798 0.04384448363660573 -0.054755928244124744 0.091538096151661558 0.049076249530087164 -0.085334086906826201 0.17666821364094759 0.030060012392639453 -0.00073968937422360249 0.08151716490154691 0.020802904164854304 0.056509330988931489 -0.02693892958509022 0.0019457254528974593 0.066034028055707128 -0.0078934522556492245 -0.088507573990757135 0.08017299369880633 -0.03955139994656446 0.13866905373110161 -0.076587977290344875
-0.011012914359198525 -0.051242334041648616 -0.092832683933451204 0.028384371470248766 -0.0094966154829638893 -0.079305577595945892 0.13459040806918196 0.024885333757777649 -0.024402505643599273 0.13180588549991845 -0.067559467238339263 0.075766309793287273 -0.037133165053455042 -0.021445126516905191 0.002106716236876549 0.1128584027535116 0.033346604209747804 0.033184591930874648 -0.050762808922177077 0.069645834116282654 -0.047395640493989789 -0.12725336549890034 0.034177628484993949 -0.075454070959565481 -0.0048689068008153187 -0.067703536827355568 0.10398111262670449 -0.1771447932343703 0.051057626219860444 0.10984927134471774 0.014791642204143866 -0.023013318973256834 0.095323845494826684 -0.032298057621004919 -0.043777127801157459 -0.016470330261584735 0.016249709510596001 0.079392040697870328 0.0033057783131500919 0.013005394399396627 -0.066512289378374667 -0.081655578125483366 0.021936589326397558 0.041772853919387495 0.1162824881389718 0.13969186023057409 -0.058931582828921587 0.0086631454758048718 0.06552732102703511 -0.083688380475477206 -0.044165161717835771 0.083485046745949393 0.11202820267125033 0.060312948756822561 0.03526114706331903 -0.059236962086871965 0.054355574508305422 0.13628698108590465 -0.063343450091007142 0.16457643398753988 0.045531961147195148 0.072606211502533838 -0.018233924102528651 0.16254057608414701
-0.21274648822112177 -0.072112617549335775 0.046452929549457816 0.16540063116571946 -0.080118690461187345 0.042158585491999329 0.35867142010138087 -0.002278385057838513 0.10147429163349016 -0.1062080721218339 -0.073708313188030949 0.021790625473828009 -0.21333011273034735 -0.020264021667619907 -0.020255580696347582 0.075928882285835567 0.096412734291562274 0.024485621784949126 0.082170331901810723 0.10000174834930835 -0.35746282381755617 -0.14040510113620447 0.033161097059642888 0.059630552352509615 0.033942878597969864 -0.15934111312508112 -0.09212835123315273 0.22404113615388296 -0.038346235632164764 -0.15706735052637338 -0.0047279547420869253 -0.21405316964064156 0.081424522148672768 0.064894363725194165 -0.00071796267038095284 -0.13390731613109813 -0.16198870391666698 0.14974876843265156 0.01221632841998877 0.093991452267376679 0.15570641116798051 -0.20936178959805993 0.10548732615897373 -0.084840653001992908 0.068810736282495483 -0.031981153695479832 0.049526212824195941 -0.1073843157820806 -0.10518736334463381 -0.034754308952786347 -0.14839057582805262 -0.21789173652591445 0.055546597593337799 0.062751484340253738 -0.074970109163818591 -0.077650080637928137 -0.047685522247185884 -0.042956368929747156 0.13396276949096347 0.28408582898465101 -0.070860255680508757 -0.16552991736143241 0.20481749606386365 0.12730836149675209
-0.053115987501374903 0.0012824748188239284 0.14408682744284204 -0.066740313163513032 -0.11651238098709743 0.077837132095988651 0.25285292431187256 -0.076335190363615024 -0.020913706247501967 0.078266514907230328 0.033482289576006269 0.010936327733128515 -0.01030701422557297 0.083669318532766462 0.017669579543754452 -0.0036649435583286085 0.11685545563220134 0.13755984455261358 -0.12171589334432829 0.08289108190760959 -0.038580792348249959 -0.1630795463712629 0.042129334155387249 -0.027915856550470498 0.022341422720104961 -0.035441680637498946 -0.061357124951297255 -0.037188229860445413 -0.059566349010055357 0.063038674851629867 -0.011728630822325711 0.0090656579218594772 0.051345266282744807 -0.0589821538115958 0.053705741636785848 0.017768107995153184 -0.012575071543484832 0.046591328192469326 0.00096184730097273821 -0.029601040100719556 0.086607146634202992 -0.18150435064326079 0.0036113818043947538 -0.074362970061929601 -0.027275282832264009 0.023708197987897993 -0.10577214585952098 -0.1083831339669446 0.056746875583030598 -0.062614130161225551 -0.022563464292850239 -0.0084855258717969149 0.074361454879637273 -0.053448536199187276 -0.034135361599980721 0.1189093832705224 0.024170735772632259 -0.095890431739873785 -0.0032218021227682705 0.15044676414267327 0.071667594632058879 -0.095947737576929135 -0.025843948770232789 0.14891856930272837
-0.012290791396630089 -0.11107997753201239 0.014039714114578312 0.029865672639464592 -0.09170785637984992 -0.021318157156897607 0.33367995205176171 -0.031559282073476434 0.057252593689375131 -0.0046586370562109883 -0.055470693547212679 0.077962527439615598 -0.28383737981012508 -0.10142145599490042 -0.0053158346433131425 0.17051513999006726 -0.080780436609166631 0.099095663868545319 0.002118180719886501 -0.085334286045496296 0.034513723891488469 -0.37879695753248166 0.018244729445514304 0.095579298756198597 -0.10480076183183375 0.10612075226750596 -0.026235862636922368 -0.1879949673928035 -0.0096535553550446285 0.077578914036126018 -0.014632879118110226 -0.035674281547245487 0.0054055795235925935 0.10826347587443748 -0.032553407323159991 -0.012718365877331968 -0.016542364342757659 0.32244651038160332 0.074480972883739213 0.15989829490608062 -0.045851204127851396 -0.30947293628372008 0.027542730899093003 -0.048328367440186849 0.15481450926424689 -0.0024853237660536413 0.11833097041531858 -0.037233098432435753 0.30613024647205433 -0.15706499190636419 0.056153244805734769 -0.091245973180571899 -0.12615950399646342 -0.0091569549887786546 0.094644265493973354 0.042425858007304647 -0.010641947152979843 -0.21773520064978341 0.066188567512226612 0.095195668292924002 -0.047900430439497516 -0.0081583916329996866 0.035447871841104865 0.14469027274030022
-0.0054781873680433248 -0.081529097911651888 -0.064009300241118811 0.082133087494883045 -0.082375629623431451 0.11298366247538931 -0.18788173325936947 -0.0077022394026918786 -0.01053391539198012 -0.1378538006160612 -0.0045025241402706345 -0.018190324597670091 0.068058704454866281 -0.015100580422648849 0.1080585607399342 0.11867588249681496 -0.10109602988212875 0.05523332421401532 -0.064062397068033947 -0.084875200674794538 0.034646452348980533 0.043478493681339492 -0.021438017176875553 -0.15130957428256225 -0.058444514722134924 0.031053685136092853 -0.10318913640213109 -0.08824330117315432 0.013533890491473447 -0.091011105540942799 -0.076514534220742572 -0.025404075861749718 -0.020947073513352479 -0.11631280014805469 -0.051340866476418508 -0.011185814549546404 -0.14088117576839118 0.001523263322507765 -0.037872128745893192 -0.10109282178512703 0.0051523001601541836 -0.0068975704782760798 -0.085432863807902021 0.018382276985966998 0.013162514191087415 0.079738471849100934 -0.014150250263648217 -0.076963999000393524 -0.073738631196801477 -0.026315649920256565 0.059991569634929 -0.11281518876320311 -0.017360319225602508 0.059824083702071984 -0.011629879973597552 -0.1055710279559838 0.049184982603996889 -0.15521918279370642 0.032341386789380505 -0.13289194715197494 0.033274852739011027 -0.10043403666118132 0.038122050878055341 -0.15647322640038897
-0.14254967560521675 0.021660444471187906 0.16690136329204197 -0.17493916522987324 -0.022579107328777798 0.038325465232827302 0.24776164285510685 0.044649710158027357 -0.1273553802914639 0.057826036377346138 -0.035746456065002728 0.091487276799375683 -0.066354626795563657 -0.21938972731089215 0.012834202446217149 0.040281597926050162 -0.027731343959138548 -0.0040613190884678319 0.0076259789977948375 -0.034126266939457646 -0.014825488348021523 -0.43392417305354086 -0.084535956480481553 0.05627959812412002 0.00075517097284973783 -0.072995738479023867 -0.074206584296647532 -0.22001998864854722 -0.10691278876569825 -0.11415855423312417 0.10424933785104218 -0.12590354059963244 -0.12284678098028776 -0.11909447379256069 -0.14072954803312834 0.16027930864782811 0.19700811647078756 0.02115048839702063 0.018534935612320436 0.088342790807710014 0.044630765033405656 -0.089640266132191351 0.0013487489281142147 0.0073028428053092311 0.15155569996847751 0.0092551232467869907 0.039640812190625166 0.039028722064432114 0.20980630736922018 0.14366101239081011 0.11220468382849666 -0.08225492187126511 0.0054143615783549086 -0.048210598891906022 -0.18965157176200964 0.042482895614844411 0.035967421616155966 -0.1500378368841829 -0.071511874743438592 -0.073776690474651185 0.085823598411079019 -0.14524797168429815 -0.19892736403425598 0.017868567457020545
0.065517691103897893 0.038972705551301799 -0.063821862538867666 0.075881831950910819 0.067624584583553762 0.031450748949386917 0.16146572096990972 -0.02592717337678083 -0.028215583822964425 0.079640124897028361 -0.071906024111285591 0.051057540775602366 -0.024467005988232728 -0.070026912671820013 0.11614683424839922 0.11901243503089654 -0.015423740923912611 -0.014292166929732422 -0.0083115024986827671 -0.069821905581265054 0.037825062125621728 -0.14670333834084365 0.13778754818312744 -0.075620888975372599 -0.11455269280881475 0.048320764268616596 0.047290446854004575 -0.12111861331771172 -0.14206860718844536 -0.072471156549354654 -0.020334707272163643 -0.072391870957729934 0.066732810942897861 -0.067777770992264466 0.061092676492109213 0.1016667764519549 0.10408124315662785 -0.055601079970137128 0.025779980583152409 0.14988948993423934 0.038784379081087804 -0.24495073979289494 0.14797357485801671 0.14551852549322583 -0.090934278455456929 -0.073796104117840058 0.12626044045826604 -0.044502467183303439 0.19675559803550099 0.014102524305073912 0.060304588576209822 0.036720113781965796 0.067040075262355767 0.1084795142802111 -0.0015801544748468453 0.035896044019518632 -0.060424881260138313 -0.11491971476640506 0.033895692028431366 0.05894729184024132 0.06166648192485287 0.043104149658736678 0.061329621898568949 0.15295326787590582
-0.082934916474366766 -0.030712010847581545 0.02630838080574506 0.024965204828280036 -0.02033133647602511 -0.066990857978358062 -0.2224997290107549 0.096062736011105945 -0.0046311462669701917 -0.081112030016559242 0.034473604689810665 0.14608890356974905 0.036863761469768039 -0.10641166865260998 -0.12241309627012983 -0.024338516926928802 0.033018664647964054 -0.042100642490186781 0.035200670529225854 -0.17376324756268458 -0.033716772949036335 -0.051154719097767178 0.072039443227824546 0.085803295447488506 0.029323750506403103 0.088332176539677953 -0.067628023778941337 -0.14927533474878327 -0.1821047833716265 -0.01188136838149836 0.14048393711667245 0.002525486323827369 -0.087701376740914536 -0.12225816296698358 -0.042685063772316283 0.15309058916945784 -0.14167665510614857 -0.063945383795611016 0.159353984850925 0.13881985229526111 -0.16829606468250571 0.074881419537158211 0.082205131239864976 -0.068222787631971274 -0.1047278273890804 -0.026536566399600146 -0.035308816704531613 0.038491290881859201 0.015490651914851647 -0.059460289821776494 0.013249335696675678 -0.15206837834873951 0.10422305368388432 0.030172610041698848 0.0036485228030467987 -0.071452113108935358 0.047249426597053626 -0.10598812408987716 0.011090610935333589 -0.013826102588407762 -0.11283515776366429 0.038285114200813222 -0.0077757952160977866 0.19681146695268778
0.043348484014790377 -0.004025510015582043 0.11450971986053882 -0.16951091851573385 0.040644200012443357 0.20128953290054075 -0.26752821257954423 0.1440877146151486 0.097727093154243161 0.18949712689867632 0.11837452159989539 0.08849310357460001 0.073914375321182349 -0.051167984090545487 0.19632837277652967 0.045358733408854421 -0.049265184151941352 0.088916055969829613 -0.013086637559908444 0.035857889292666062 0.1175548981273641 0.037474954805954343 0.051050125367110476 -0.041143671953758454 -0.13801885177466053 0.14548662115224117 5.1008538022471413e-05 -0.0099669061297247407 -0.075799624416216224 0.040527178569579124 0.048826512215293265 0.078216356380053045 -0.0068388129867438504 0.016648202870170322 -0.040209396712707901 -0.017286068844632206 0.067231278921666762 -0.051063766814267698 0.064762368054353328 -0.067832474755143229 0.015984239166088043 0.1925404737873245 -0.0038814156564804694 -0.053851162200337005 -0.050606406475812715 -0.027608177583278461 -0.092726105204694598 0.16487327261108647 0.14687501820187868 0.050221839311272665 0.018286019125214277 -0.031736338125898565 0.01751304481379018 -0.084912445366155151 0.083602323876709864 -0.042521188830126573 -0.0039287941379328884 -0.18877339426695652 -0.096928427183116173 -0.0039441733798991361 -0.030316968956084083 0.0746222980666605 0.061318514554494316 -0.14475527757457934
0.086879817341112053 0.049349775115542525 0.050562043853988971 0.0079840175858819449 0.15765372580521761 0.12828288496337614 0.29885756448834111 -0.036291075530146669 0.0048226274621117797 -0.15472301740933239 -0.049820412779104338 -0.065929658130957317 -0.10596971462720882 -0.092139183591756796 -0.038734764020013544 -0.0032798572209314777 -0.054281457568529666 -0.096405155708890439 0.0683451644626141 0.049536009320372033 0.013877567404903387 -0.2097492616330929 -0.14679066085598683 0.087807194758928522 0.21295137993563448 0.012934526076173809 -0.10900060631150905 -0.11504169695771915 0.015336969136829566 -0.12097736855165113 -0.098576836750556493 0.044072268106981741 0.032021507462492008 -0.088265298451528446 -0.039632968165945935 -0.12868741203684 0.018876444653927169 0.025412854794725111 -0.18792322117446061 0.0060166954979636285 0.02147807046049461 -0.23974726336473523 0.068755286058003143 0.14294672413861606 0.095321893465635049 0.0075351689463835948 0.18557122982702459 -0.18555277679092172 0.0070327731615743624 -0.021402037546562603 -0.026993551896932616 0.044899031496785098 -0.10868481274724423 0.014890983539932037 -0.0060119748238685947 -0.12280638422716503 -0.017604018673804966 0.050902074645001634 0.1335561450337184 0.14093944098926178 0.12041757993949505 -0.1267021292226122 0.0084499702801563419 0.087104257152660639
0.09996436808618675 0.081412686665184156 -0.12712840538457873 -0.043870945917752417 -0.1338289502299089 0.031786903811502724 0.013588488108587342 0.12757027645223473 0.072107054153566996 0.012264330492425108 0.10796441540649987 -0.091545790500333568 0.18364846202114521 0.17322178644713546 -0.016900715358678809 -0.15249576826539507 0.16594405027997144 0.026588355987642347 0.099123737255497182 0.13458786257970434 0.040305024049119599 0.13897732114147524 -0.00084794345647397167 0.0068620931059254304 -0.040533960268398249 -0.16026498305470924 0.082141108911993777 0.16368073899221261 0.13649750949485839 -0.09932210912270506 -0.013324301236911628 -0.024912307096277671 -0.024805925207841396 -0.017656038532810711 0.081722486334133884 0.041616543555936053 -0.04908007143994858 0.0080459595853455673 0.13535647994591321 -0.11422145832411272 -0.032786517342846808 0.010357585683661248 -0.1097472782879689 -0.23272449752600408 -0.1159262124351419 0.080366032714831864 0.028038235388642651 -0.14203479533768545 -0.16918272988088912 0.091067777154678425 -0.092036824890153829 -0.05577075338713617 0.074443755533709299 0.17677394234713523 -0.069812129557509081 -0.0041353139137198869 0.0076665661073766055 -0.11713486537666515 0.074269951817287946 -0.031905963367232594 0.10606017719765203 0.068685760885604102 0.011437089687186111 -0.22522698795801635
-0.034360909229236486 -0.036808255655888841 0.074327974928513132 0.090787843170182889 0.12429203376594528 -0.041467190920691968 0.32995905407889514 0.14712212959362625 -0.060554812334361031 0.07615208126056483 -0.0091282270588691518 -0.13880187078206124 -0.17713481227025463 0.16285417730610685 0.0060667138423193623 -0.14879048976080231 0.11475353414659707 0.089122849434702736 0.033817507854621537 0.22044238943271099 -0.10511853340617389 0.018528765695155078 -0.091804859950564699 -0.12891642100074577 0.011250672889064148 0.011560664362856682 -0.010863230003270406 -0.017180210074225308 0.077993871599553163 0.0011062519540606117 -0.052838642741000745 -0.11810352029837107 -0.0093225073297768871 0.14932431450035133 -0.014175092698485587 -0.13642970551030295 0.069507512342782296 -0.066835795410762275 -0.13522338138374013 -0.16105522122040791 0.38982296069892847 -0.11088311938801655 -0.053704397736692125 0.038993779569265197 -0.034174373047613872 0.066642178961768328 -0.093024269906092069 -0.014661568388632678 -0.032043782919863872 -0.029284740568852219 -0.16282687281721717 0.1352664481148686 0.10870027154204634 0.044505816243689718 -0.044210431658704329 -0.020212193381153577 0.023668097994561581 -0.062465500293490156 0.20907881664592348 0.14512369496012492 -0.11316083199236515 -0.034024945150799776 -0.011561701292936438 -0.029073772745668993
0.0567251458420861 0.14672335209981668 0.13167892345977744 -0.04907765180234646 0.10980854408033154 0.065319381418541461 0.17061945357449823 0.037899420819423005 -0.080810198665401844 0.00039259593777588226 0.076658922972445351 -0.091521174023705687 -0.062016186447203137 0.032829181208206992 0.012875770288723037 0.04269396181034775 0.074817810656483352 -0.12782564318540152 -0.11614408373946573 0.009880729905127018 0.15320649008329112 -0.083018918358130731 -0.1470269059936509 0.17114958809956837 0.1497220634208386 0.15411495823001328 0.074871648551157688 -0.078969207659710175 0.016839682277306641 0.050596390337264964 0.019097028714136037 -0.034084077923213017 0.064130102075068821 0.043247293790575736 -0.11736105800970427 -0.099111263870998834 0.071073218599322516 0.19980786868830899 0.0038373271857140481 -0.016640140414156838 0.12780643106237483 -0.17157476084829698 -0.11455644578901659 -0.16725831049821532 0.044572066238861445 0.011654758585432705 -0.032046834928308218 0.0074279520001353126 0.077846382256916896 -0.076307994515482952 -0.0084490776266892467 0.073944916412712863 -0.18571375481201352 -0.0065578594946842962 0.094636382319315426 0.0842441695812257 -0.014536131036237897 0.025799796091654798 0.13647203279580858 0.076457153489188828 -0.11946014705592087 -0.093313295433175444 -0.08519516778649118 0.18153959894770674
-0.061914601420883231 -0.062824743422945487 -0.1214024638585518 0.18276540785617282 0.057274016837506388 0.027431804952833521 -0.048575260078148545 0.137884230178318 -0.043701518613661942 -0.038380905626487924 -0.048534869381034372 0.029020658757984048 0.18458219370384585 -0.050099572124766414 -0.13426603770581103 -0.17700790357644455 -0.097424114622269631 0.24087066198548296 -0.018744666383022159 -0.064492394876230971 -0.076353806410744726 -0.020290244606829769 0.072485457259713587 -0.048549198156422085 -0.19275390801533906 0.013256441222943793 0.093099236523002851 0.108576059985903 0.055058987394309297 -0.077594244964267409 0.02352931971240145 0.19009611677349625 -0.0029830770999985257 0.14493483972454399 -0.09628326710585379 0.033060942072565838 0.023804743581813729 -0.19500534799918903 0.24726410508519794 -0.038083175262598024 0.035296529901703753 0.0021144403440384687 -0.011196006759821792 -0.14192199502275815 -0.063969950972875403 0.057665474562174149 0.0078023124046831078 0.03108622523003449 -0.1269871686393885 -0.017323118547506549 0.020208502671389086 -0.012562887063706335 0.18098731618103092 0.075454242954372072 0.039795550056112766 -0.057091967042160595 0.1542926269400558 -0.30004221510633178 -0.11889700445046643 -0.0025328744374364621 0.021470556599533799 0.087489746489474329 0.12053930652205067 -0.15258666343131011
0.058975170859132821 -0.14603689916504101 0.0062077217730759273 0.15172912354001208 0.01516841203620193 0.10436886662695369 0.097643815369771778 0.023095278950960207 -0.0042869121205956918 0.00099610894255210722 0.10017519148358923 0.14348153976401545 -0.11981678954672295 0.19799010730683789 -0.062371740849456694 -0.0092522445662930469 -0.052447671621789163 0.068158642770871303 -0.075521149543424426 -0.030119093657493375 -0.091322126145136004 0.046704483810672867 0.081441346670608844 0.04468732015973808 0.036578854700032117 0.0050460708698437991 0.067792409005375601 0.026455628114077815 -0.049728283508394519 0.02067258132954591 -0.0033976564483378852 0.11735135342443992 -0.097198889201171576 -0.0094463738467902778 -0.0090426852563644002 -0.057417331649863845 0.086854123310483505 -0.087796923155925036 0.16322178540472887 0.12836172143256921 0.024330706965020096 -0.066237129894061886 -0.101781654022689 -0.049220469967217635 -0.060421841679019747 0.054724803021255465 -0.050854009645487377 0.10150445709214938 -0.019404812547467468 0.054836599808137675 -0.029139023739671761 0.057490106946391645 0.22448852639860628 -0.039036438644874417 0.041375061207483216 -0.01616449235672383 -0.015439572774879319 -0.27835299036375738 -0.096408865168104679 -0.13624957503526242 -0.14919539039448756 0.1197878063588063 -0.0013492818275003013 0.031310834864446684
0.12686094388666036 0.1403428648451481 0.016177607318542571 0.00067720036629414766 0.14149011480315826 0.048158288854630617 0.0016246545536727271 -0.018557690647100437 0.016542737330944284 -0.041776714376225293 -0.067341817800506007 -0.0067884373491010749 -0.11513120119717828 0.094742669868485743 -0.075738704747733171 -0.014456922244177143 -0.025980971237385363 0.032173748930370345 -0.056785222955268957 0.03318878677402564 0.086850113597477394 0.015531813601976644 0.037887809015436133 0.082875139097615777 0.17221219180797651 0.050661239295906622 -0.0078359324740641095 -0.11077404101981458 0.0051768366556999368 0.0084718882986540549 0.03069239881174813 -0.027493627480150409 -0.093788899725724781 -0.077492876072277297 0.049293015688910924 0.0914065349884981 -0.073806485326478599 -0.042678855016747737 -0.1438084253867554 -0.058293707717335809 -0.19984370364992599 -0.051345584415782901 0.045852626000492572 -0.050275138558952479 0.1208943670974223 0.061361719408355317 0.064824886657721875 0.081424436298479022 -0.038398964815771097 -0.037233590894998052 -0.0083402871247102457 -0.0061359740822832182 -0.1147070994029427 -0.10452758593448722 0.032556034485368285 0.058599180823627119 0.10631279168088692 0.0021827441062797991 0.046819412746277524 -0.04468302049850794 0.080020856564691642 -0.024788229187431364 0.089811898414901684 0.011006605028159595
0.10904277301752989 0.13034779811058539 0.030198940925062229 0.1079494935079908 0.022596276375041049 0.16083119812884605 0.33076768288523689 0.071370641788522218 -0.030286471907139838 -0.0013011644563485955 -0.0036236993040013382 0.084604797466287185 -0.056788763969490973 -0.055513489907512828 0.13376070076370702 0.02151286590041878 -0.021197192549786484 -0.035373102490516929 -0.024020416977162094 -0.043038255641670783 0.083798734932344951 -0.13052643733996455 -0.13799154545039494 0.030609222350029414 0.23435987168904043 -0.023494411596301692 -0.056539033185557565 -0.16226322558336126 0.0097802315653223899 -0.072256669664651191 0.056834623297545996 -0.14881567988742853 -0.069998517509665611 -0.17951060706800681 0.0072746138367911885 0.08781603649426506 0.13681761633733674 -0.0084228907737731052 -0.23828989249686255 0.024137518173090743 -0.16844820232426055 -0.20468814447204112 0.016425960081156935 0.098300776824617422 0.097924325348690971 0.059777326374004514 -0.0031655687916838479 -0.066760451739470927 0.19134009281754635 -0.042546109138589583 -0.081641494657979097 -0.016985889487145359 -0.20005250694799268 0.11858039053203595 0.032987452491039536 -0.05775241724349562 0.030328504760745913 0.044134282710174888 0.0073967173186787636 0.16316534048415379 -0.045031605733167557 -0.055632357171994599 -0.001882562216468992 0.24050893834575271
-0.082018617889711209 -0.046420337830663287 -0.018453316466567418 0.10344012341824635 -0.00030195187756060443 0.085133507776569112 -0.10182981528392059 0.077063095360764708 0.078504463274615827 0.050993016054789467 -0.085196773022537919 -0.038962458561808126 0.14495571603933105 -0.0096983041952054157 0.044551241083472311 -0.0067628891628342619 -0.020390541948896224 0.031485204486374811 -0.10265931057888204 -0.086753232344235778 -0.070593159303264194 0.13395933327515647 -0.088169207629678059 -0.042686820365932042 -0.051892150171214887 0.010109451401902853 0.084342737150398056 0.1422707061700024 0.060980361224858268 -0.042392460485851852 -0.031078690544953241 0.069052162768211994 0.05624294093436269 -0.011383077339614871 -0.070470236243987877 -0.14128824912456561 0.06497646214125255 0.027734380054136407 -0.03010147902617966 0.0081673308937127154 0.12200288711727474 0.10714355317148248 -0.050342213052866507 -0.011813223855459846 -0.10058578821983567 -0.033299985177103392 -0.22211319785883596 -0.026920036974321212 -0.16151181583413507 -0.11543971675803008 -0.089030978174864203 -0.040181981538411515 0.034673723866221043 -0.065805411548995676 0.031541765887069022 -0.13418900266539932 0.080884391706377304 0.18725921031509654 -0.037702234396015499 -0.020799945833640528 -0.14704334926964138 -0.030674038847321353 -0.031518109777118691 0.061523888740154693
0.10220328564594278 -0.041878010523625074 0.097978342244807143 -0.088077065748054184 0.09337635464560759 0.14286761228138428 -0.26241481328903477 -0.016679882426577041 0.19790906577860262 -0.05935403363720481 -0.062804453934997159 0.058711923541665156 0.15233860320730844 -0.10623464875574742 0.12930254218498802 0.055558500988242915 -0.062587323872969641 0.0045248508216127799 0.14129354484611351 0.065911907614678009 0.13364413596770108 -0.050308504104284064 -0.041680864479014181 0.037461412080175241 -0.081099821220000631 0.15045669231843603 -0.067552608599367264 0.012108736605923142 -0.12544358685307053 0.07631247992438453 0.047998559039017182 -0.0048379809151639528 0.028646102663129509 0.11335631442250206 -0.11904907130478716 -0.12077890578985229 -0.22144672261497858 0.13551722710970443 -0.026515846148158492 -0.17844192570014225 0.2099817868601582 0.15781625847350164 0.051593995799943629 -0.097865351964594907 -0.071046207395635094 0.041885385266686885 -0.133164337196788 0.048505156103126952 -0.036974234054404156 -0.045153380523929289 -0.10457383413609432 0.18603099109116025 -0.049985650507985528 0.043767862239095824 0.11011395754573998 -0.066412189243661934 -0.029507055296397348 -0.0044293064410017655 0.10251073094979089 0.15773985684472197 -0.016209986744859822 -0.033839681768711619 0.025825097916983182 0.08269911310427952
-0.01659667292486745 -0.00066795617327399014 -0.011639591339994254 0.055919414877852486 0.025999529922075104 -0.074671047455976719 0.27363199999918281 -0.10670908080793061 0.048108271380326015 0.15845595385726205 -0.11983876816143044 -0.058704122515940538 -0.14234650469511612 0.010230481077989193 0.11977189805512227 0.0067557916258275319 0.041790197739403505 0.064588772651449591 -0.060912608444489341 -0.033504460507070691 -0.03700468034142982 -0.41239792546023457 -0.061896065737658122 0.11021946722470312 -0.039824721521126621 0.11443649878344349 0.033163959366928772 -0.1812169589422947 -0.017516117312769225 -0.058402706730696405 0.11201017307245101 -0.098391324927033369 -0.053937168009272812 -0.054730391323432305 -0.26463245030569632 0.068022867501200471 0.022040370568100955 0.18362053360809322 -0.2348541196213598 0.062436554153373791 -0.040486201196163425 -0.28105254104738597 -0.023320473199036369 0.028239916426907544 0.11569518624788439 -0.1502236697042027 0.0029131978011791983 0.055822140123037843 0.16322334199741259 0.0014166010294906987 -0.058329515065138997 0.14672607320158601 -0.12358896872263019 -0.075826727750920017 -0.087209411645812362 -0.045640684962720786 0.020176084650870306 0.16877943391427938 0.11676340623328292 0.027123354387013 0.072721002702647392 0.042268381002462663 0.0042131383513952427 0.16536696705325987
-0.0042438520850067787 0.1162028186263923 0.020121463843604727 0.028998502819939549 -0.065451242583018016 -0.072086829549943915 0.32797107119984559 -0.019509332673406425 -0.010485349205300989 0.038649189416891938 -0.12838386247589936 -0.013982975036123276 -0.18199015588609313 0.063415489071494385 0.10250084987710009 0.024693202417919148 0.1431773446070207 -0.12305519322878657 -0.043074601644724368 0.053644072739591583 -0.089623090668916466 -0.0231868352520322 -0.074052389065136059 0.070502610864381837 0.14369070164586267 -0.10296740319266114 0.09543149197769947 0.052364790491110785 -0.12866449951419612 0.13317981973753568 -0.14743670998589345 -0.11520272319948925 -0.066690186605797883 0.017128951229588237 -0.024721498392183329 -0.036395593672267586 -0.085838619135175875 0.045015825618722936 0.041927036944545457 0.072790008361953887 0.12263234940127288 -0.11414518472085682 -0.018018290677750622 -0.057396385802074755 0.042331998184935493 -0.091306030840492575 -0.053559406873643148 -0.056510129617246288 0.17724835414829912 0.051393188445329217 -0.036466757776861744 -0.013945590711189991 -0.09829739409168621 0.0022650635934681348 -0.034012612937113454 0.059892594257944458 0.0010966939200200442 0.10099240266155815 -0.079517756745094245 0.028452674953061852 0.12430218244537594 -0.007300932939809655 0.036610271489591763 0.19654425660871183
0.091518531245746354 -0.08928200666703355 0.023635926734528818 -0.047569607420929534 0.052718601776076339 0.052383272398503627 0.30607607474958465 -0.07767579179010009 -0.066109656740266018 0.19324825673534965 -0.03705162091377634 0.07816384305618515 0.077567591467505775 -0.037217724413132543 0.05175323848657918 -0.037910310797149072 -0.15200793333762183 0.15751051020645365 -0.039345019779595057 -0.012643452244111999 0.084987359202330387 -0.14483758332973548 0.032094265577980487 -0.017043553423822841 0.053623642488954126 0.017966172091714843 0.18508670051436274 -0.063855102822764631 -0.15366143947145253 0.16008248202963291 -0.068675730647971375 -0.038666048049903111 -0.11077988419484862 -0.14936185408491395 -0.057925649136715981 -0.09928389181422427 0.062451824941142771 0.087828626532830148 0.17307461346665581 0.037403972829933699 0.2620891826227878 -0.031082455623910012 -0.033779485761040791 -0.052365173613180507 0.14156177248423729 -0.085010217281111716 -0.17635442532805981 0.054710774880318856 0.27131164774704675 -0.13692968302278136 0.081935014924334887 -0.075923341692042054 0.20545668946720391 -0.15370191829348639 -0.11084673615267333 -0.069067212070470022 -0.018330460332511796 -0.21475462306611653 -0.11523996568479854 0.18546229711816173 0.087609929341707138 0.060123640441369045 -0.052284434246509727 0.29054302023582085
0.055775027375980585 -0.048263837281101646 -0.045961034723302749 -0.093134555514252315 0.01888605949686601 0.12295199749575028 -0.18279994003650554 0.0047045058987213737 0.0071911490477336599 -0.096592793426653958 0.028017715272425942 0.12600842074275984 0.18290034866037269 0.031585423382615593 0.0073528759564920219 0.047662336270966756 0.0078747120499506485 -0.078624580691195281 -0.080717450806761334 0.01269546723567838 0.091130470711041078 -0.17785925547940937 0.11549640438352106 0.10100448542966126 0.06197193387750384 -0.045742895829582471 0.063417140232577981 0.061588478952957208 0.0067899835570201916 -0.089332938239079993 0.081354292736287789 0.028260041524264406 0.072900938878922114 -0.013139398734000817 -0.071853879718258795 0.033323030071509073 -0.10546410133479843 0.061615089240688418 0.096617014360785694 -0.016755756761462501 0.070439471922953814 0.06881189833798429 0.021300433412406089 -0.055398773663259987 -0.012615173966252233 -0.11268056285379614 -0.20537647336144399 0.02886531495791245 -0.12639602011547899 -0.098201347209524961 -0.020081966864856554 0.018462652990732496 0.00992028683829798 0.064203160043108845 0.12539701748607718 -0.0088450040492031156 -0.039234107509988389 0.072603764962944128 0.099198724606020153 -0.10427760263665703 -0.089673215242402418 -0.10370453440225232 -0.046461399908109081 0.054049564182653977
-0.089054132214837808 -0.042499239569515408 0.081614449264225106 -0.088041608467653285 0.16146011633495919 0.042344023578318839 0.022155215587948206 0.12721333264999463 -0.15367811196705056 0.049361896470071713 0.056401135324522428 -0.13195200584034861 0.036629481834851402 -0.0065994310122970074 -0.1286938883803205 -0.015517560410032091 -0.013249445974590343 0.039669606983943916 0.073223294218356536 -0.044804444619105883 -0.02794458247390022 0.022463426163789137 -0.021449026385152167 0.11981536379592224 0.081571789111030843 0.054345480917960994 -0.0082693022943627383 -0.069965367500666523 -0.025099413433970891 -0.13376187011586502 -0.013939298281119656 0.046221473887596655 0.026736395466598655 0.098139726830222901 -0.0045332447465177292 -0.078184360687207674 0.069957240829899625 -0.088058031630403641 -0.085834821241795936 0.11612880702424258 -0.056866463278274 0.11242910341372483 -0.03393321102763576 -0.047766950609043471 0.079643938441201267 -0.047288521785067678 0.026205882488215218 -0.0082574701980414368 0.011415589964213362 -0.077992525462156057 0.044857028057103371 -0.034927855576926806 0.061225044506442047 0.03593053143186066 0.050218593635719642 0.12465046286290882 -0.03995180469346854 0.11130610501147228 0.10088661120395007 -0.11446727807814282 -0.030651463452345058 0.035555096897716548 -0.064023919074872135 -0.056856716867316727
0.1193236815173013 0.026126718597283629 -0.13996436584802624 -0.06127954607246517 0.084748082030262586 -0.013996400347432762 -0.29935430465673674 0.04935690246098895 0.0094708406267169781 -0.10624605307354183 0.1366293347717864 -0.0020549531538678477 0.29093348812590281 -0.008226229667408793 -0.056896267592481162 -0.0032406051702879805 0.049138735420097369 -0.039070522123789447 0.023250632846150077 -0.14637171334807739 -0.051736161038514014 -0.0025146458948487643 0.014964857128460768 -0.078322105028113029 -0.11135610367304438 0.050857438891532936 -0.082205810774693022 -0.080788259791218731 0.13067467072417646 0.069788787836737295 0.0026931931852243332 -0.017753085026094368 0.12211825310009838 -0.079634836782963625 -0.073106913681010868 0.019870587430115938 0.0032246337251531049 -0.15555823340619507 -0.048595243503524878 -0.10425503339100792 -0.24322911893407828 0.11597606352560137 -0.074848218800305066 0.075067478860916609 -0.014688101629713925 -0.081092879150468061 0.12776769111030759 -0.078334972091818778 -0.15136696519958318 0.042411537275002423 -0.074482262896006124 0.060314633361817173 -0.0053204228886937757 -0.18420248400772068 -0.0056074404576135347 -0.03015004629174408 0.079816370891192048 0.014285593146062142 -0.12731010688295072 -0.2053461407233737 0.018565993784683776 0.019185507755570472 -0.053193614028715468 -0.14199908806219727
-0.014719694267799484 0.10346277238391663 0.12437109575660137 0.067195195207285285 0.12373169903296057 -0.064274035286044626 -0.021337358265054444 0.0075411572501522901 0.04728731254335803 0.06343957339652298 -0.038153575377549091 -0.073023109139808237 -0.083753441144581997 0.12232380831665168 -0.14065376325072998 0.00067788018079598491 -0.052687570690385474 -0.11168767860537179 -0.010402486619716024 0.02635547513140319 -0.011641600180292424 0.0530476119664232 0.03850040975094586 -0.031453733053740794 -0.052928801229242442 -0.019389687709100784 0.10782347392395585 0.021205413569652245 0.045887231670181869 -0.044483728754296868 0.046646089146375497 -0.052021677563705369 0.082042292669559203 0.031973928486693177 0.039850593776942014 0.044095121007246996 -0.031481560120282692 0.032881178587016266 0.020719849535592753 -0.082780601708725518 -0.11332144591844057 -0.025975304640242149 0.051340861611800272 -0.080753830223623743 0.11584982842214436 -0.018952565947673854 -0.076339655795948674 0.019522399508424736 -0.091677172678517826 0.020102610640599781 -0.017887464150628096 0.00023662290748623085 -0.11935427627634045 -0.11683424305262895 0.064235103504632712 0.015116298246759165 -0.030017202763608062 0.085038927091836566 -0.12972301426835897 0.033612847770260246 0.072905419025096577 0.10624337792766725 -0.094590725029038883 -0.048139788187803859
0.033875700320068251 0.093284651616502567 -0.064818323319251844 -0.0024964052299074929 -0.040661026659769617 0.0026392596650466013 -0.28365109847697995 0.077708981648758224 -0.019755871227101793 -0.092010109990956768 0.00064852435776784111 0.15746407499128431 0.078048543023815892 0.076895127000842348 -0.045968197604187279 0.11025118441205534 0.02124766996381185 0.05768413712016527 -0.095228535384677571 -0.13310020694174071 -0.036798441624852317 -0.05815688172333381 0.0066385155795570553 -0.095905643244794878 -0.05663958668960381 0.021974882616350406 -0.099097532384006842 -0.048515998595071635 0.082511574586586214 -0.17050604740413222 0.069494705533063209 -0.081646399716323981 -0.0068970037066991112 0.02206918561276025 0.072009609792608745 -0.028545704964205654 -0.0050824982415012595 0.028838872932572004 0.16649739735122079 -0.039630522532204324 -0.11391780511547012 0.16796932502113193 0.03798417030733528 -0.051219946343833381 -0.022352346913152351 -0.11736813712924923 -0.039650537464079531 -0.043311862705290777 -0.12575174350303872 -0.12519382680330488 0.0034629604083182622 0.11590898495940451 -0.039412149875797442 -0.018264146795843525 0.020656450911083115 0.056293313210143199 -0.047832792374071134 0.0081596527654048054 0.069042328098908298 -0.016185003236871109 -0.11087224000529756 -0.036323701408620068 -0.0022290029651914635 -0.14875732065969494
-0.035578112760167389 -0.11609354645161585 0.14563238833487599 -0.081388657786880689 -0.011603075908287502 0.10461133909686836 -0.0052027259218827941 0.0051707313728491869 0.065925719501123789 -0.016205847537598562 -0.098380616932207343 -0.011490375063872585 0.016730760575235228 0.053085581719787993 0.075447797208710907 0.046506245313293962 -0.13811544535089992 0.056620304260803951 0.0052780513794027971 -0.066687484037542349 -0.12477290469891618 0.067905116565322263 -0.063066428335544572 0.074277078407299579 -0.10773106641301713 0.1177630257261784 0.20350837866868396 -0.053551706427922598 -0.03646189942886878 0.072855540619437248 0.042011699756927652 -0.03714073543442302 -0.10310441422243982 -0.06250872571657709 -0.097570655903226389 0.099182212356237809 0.032051478638875204 0.17296983519414921 0.031922436100530208 0.020084107596914327 0.22246274772091731 -0.11131780403031007 -0.00077725832764278602 -0.10330757590578014 -0.046138797003752327 0.010722388008668952 -0.057102246651768683 -0.051512965071457723 0.10291765449697511 -0.093730668889011506 -0.076002636967620343 0.0038108357814931339 -0.068896186113340474 0.0019678400187814601 -0.11868607420254154 -0.085232735097921924 -0.040070951003603271 -0.10662689044938686 0.16640559473937322 0.12480950950311449 -0.067208897238236531 0.040821426358819767 0.07174626098430352 0.12946552946923123
0.0014484736363186673 -0.091869286158077587 0.11893919250944224 -0.20202716081897318 -0.084194806337836575 -0.037209540208728985 -0.2183331877962961 -0.011147404486387907 -0.078766228875432193 0.036614148361617214 -0.0204041070555981 0.10384841955164642 0.058606738224626823 -0.0054383586519492792 -0.078229969075127692 -0.015718227909765702 -0.068513644699051315 -0.043973287638136321 -0.028816334829484546 -0.065928141772257878 0.090305915850797377 0.095094143800377617 -0.038762340172771081 0.040144700499244373 0.043236743276566264 0.032583157827094887 0.043445669290577457 -0.033157297775252226 0.11724157828620099 -0.11467993889353063 0.077565155893265667 0.054655360155163153 -0.10775129821637522 -0.021504336894536166 0.059904413587899975 0.170347184686234 -0.072012289242574759 0.012221174524955697 0.11962619068911218 0.03084003234793594 -0.04260996543117692 0.16852965476500556 0.01509221484776054 -0.05680148700138371 -0.0062753644219308048 0.033657312961053766 0.037090136720604849 0.055885076730990912 0.022097787264584376 0.065094030544835577 -0.0092185539995557411 0.076040634366586646 0.085817534526756861 -0.023379573902385854 0.065475900894179428 0.068259093509801361 -0.059157993526215306 -0.039392495606353835 -0.077048384860985752 0.0069829137385408113 -0.13233681368940942 0.03176405497008284 -0.18468533953639449 -0.055847430457672778
0.054825165092376518 -0.064584023298936019 0.1288826206012513 0.023600251391754357 -0.1188085126362677 0.0083547827204954773 0.14467163775142802 -0.058306311141824753 0.067997671091929709 -0.11773184053926403 -0.036848195909072345 0.019905039872090986 -0.0077774694361933683 0.057386330161279822 0.094310196670441396 -0.091082118110171126 -0.1137833760256758 0.028312474752473515 0.049846259277824677 0.15137764865322947 0.03913114470151359 0.046316140998507609 -0.073881966567646534 -0.13269418529466365 -0.14424210883333352 0.04157272358991998 -0.091854809268936063 -0.1194393822810548 -0.014864373010191825 -0.083457603193577132 -0.055617181443091405 -0.10156152938711858 -0.0038854544599478606 0.17488022607913775 0.014874337797749373 0.087577705612574497 -0.060609016727702296 0.029042937595082641 -0.06044685981364379 -0.16850078760284459 0.043367477806571068 0.023082233197941015 0.023932673932903971 -0.063286516560649334 0.10041151911329796 -0.056959940142318026 -0.055073814956821364 -0.098156537836990687 -0.21110533036956006 -0.1398439885068582 0.1104941675252943 0.11951651631119244 0.064524294696809981 -0.098320993786085262 -0.05023336045907463 -0.14428739239253682 -0.041771749171464839 -0.02864811790751708 0.02860819887577868 -0.053237496264714218 0.068367729854742265 0.041642953861498161 0.042684112604303374 -0.012654960290670949
0.0057071458197586519 0.068272622006634726 -0.050033556034434455 0.054354092458746388 -0.03366200858554233 -0.02246871733397092 -0.24404494831386012 0.03509862400504131 0.11514609334533588 -0.1208804071206902 0.095252653758906208 -0.064289929854091793 0.15293255519387453 -0.045219131287930453 -0.016910283844364583 0.1891847854764778 -0.031172626412345174 -0.049423233614101704 -0.121854746122082 -0.052058201366699954 0.010839868883251695 -0.060563748165262735 -0.086715604452150652 0.1044365221281101 0.10738568937528255 0.11441896687005015 -0.043563997987487911 -0.015595628697035272 -0.10908097043614096 0.082201818983010461 0.01785181148822337 0.12900470293000274 -0.077323159243800968 -0.048303604590658168 -0.13129223853983332 0.13425100260276543 -0.023755795805843274 -0.018376741696896692 0.077802888888039629 0.091886050099608582 -0.29471434349691233 -0.033986534177752797 -0.018363376812558736 0.12271924965560492 -0.050660738642879649 0.01761487025327961 0.078104888969374772 0.021490182108342758 0.030082434193774512 -0.03097879685838318 0.10136713526795854 -0.039440267521053882 -0.013327966017762828 0.0022376160353912026 0.080981011890963017 -0.077526462707371124 0.059941446107201264 0.11779405367314977 -0.056538101364217254 -0.041726153899155259 -0.058685222879600159 0.11130173716456106 -0.10478817096379311 -0.036750025316636188
-0.075126296544323151 -0.028040552049707689 -0.0348263403739143 0.11009178088627443 0.0018585718419402405 0.15608902576715067 -0.20347339758095417 0.031361081405853704 0.064487284999181396 -0.079430781556613428 0.029627535600378934 0.0020937202337091444 0.030396142004234648 0.014408619653168588 0.038323910872287328 -0.029582253014732454 0.032004456803087632 0.091576399186358445 0.11371853972425093 0.034612696349506748 -0.031627573303221676 0.068442217341192935 0.090664840213572476 -0.018208922899479767 0.071387707427944841 -0.020393119604750935 -0.094649306228651614 0.14005139621357024 0.030481164018754912 0.0039117039722554653 -0.13802368340213367 0.076430689103549471 0.068960582611656274 -0.20682747061881213 0.036992746719168045 -0.053434538657267376 -0.15563611619849166 -0.10121711804351052 0.03757789254286957 0.089504597519044368 -0.11654678484981287 -0.030504958002916947 0.082439938271701055 0.14685397565350128 0.040842163001203656 0.0051056315316594823 -0.067382220569415577 -0.0016241523575449722 0.025678767711131416 -0.085990702291311408 -0.016780174434505541 -0.1798909271415586 -0.059733981938799273 -0.05894378540602685 -0.10039143390250617 -0.11199233449098218 -0.12255629599083621 -0.029092613553896491 -0.035148042924105186 -0.043470355103173611 -0.052959563519954053 -0.039298759259032444 0.065146890063277257 -0.21826994495155802
-0.12309578979311665 0.0056791009525886038 -0.032074006254716236 0.0054921297379782437 0.031714604080834589 0.17831775273723655 0.11748865386306866 0.081537248260022357 0.15946305762315019 -0.020286302103929617 0.021255964808381267 0.19447871400734579 -0.19142452806765181 -0.092819352619946144 0.068170068119215485 0.10945304282234745 0.055913526868579859 -0.029591859231740222 0.17230764121419131 0.055889218769185359 -0.022826063482917248 -0.14411079276923336 0.063792726021904347 0.1159379385529488 -0.048065671063475701 -0.066702716946169346 0.074360912293398793 -0.11896170139345004 -0.2194125233047009 -0.040021830184537983 0.051201592924151405 -0.11770565019028227 0.022710060683212796 -0.18380109647376244 0.020281330333290132 0.02727374782043035 -0.17302994563841348 0.30008214146187867 0.013493175551765019 0.038261305778377629 -0.071445287692131793 -0.22167728723201827 0.11094972896555157 -0.11315433146147123 -0.041463706767912334 -0.014289091036122477 -0.1276770808495036 0.045424425093077349 0.26419437299658993 -0.025440756069898405 -0.081722469618791441 -0.16559001778268823 0.10188020724700181 0.0023422355756655853 -0.054022571546133588 -0.12317415660103054 0.020886342919904155 -0.12384926646254427 -0.019660846587314061 0.10343124656616688 -0.2132763599159202 0.064601991109250259 0.058580540121875697 0.23339412778787594
0.0091866267773089948 -0.0158107359086254 0.095434993639326199 -0.0037956505043829345 -0.02972125103997636 -0.0071522866104804031 -0.13593699461513872 -0.0078408920731154325 0.038167977201898268 -0.086030756392140015 0.097143118802996004 0.043764049087825364 0.036110343383992979 -0.066718481322327092 -0.00094500945003027099 -0.042781771852849038 0.087663808495696022 -0.074285446159555513 -0.010949544624380105 -0.18280415601389977 0.10440113941017067 -0.019476463790016236 0.088650316497681014 0.014997282167784703 0.067575229119584815 0.065089733909287004 0.061221024867031529 0.0081863476114940464 -0.078948965977046315 0.0070397235649181777 0.019764205452789847 -0.011754398113325557 0.068264550316985112 -0.048617556461507783 0.0088337004237177275 0.10313745196220077 0.10753332901374428 0.021276141128724779 -0.018197926419156112 -0.041354176169542928 -0.21485065567300368 0.069490539290155945 -0.0010683675749311445 -0.065995741210557429 0.056397208938388455 0.10822632988541836 0.08818617349175531 0.02482780193698126 0.039465248505492566 -0.037276303863574015 0.12614301483583956 -0.11282191118642351 0.1214663619199077 -0.096245985314327251 -0.026397203520803224 -0.12304967692349027 -0.058107387132972289 0.0037435412997809886 -0.077625371340469332 0.011790044674591962 0.10218505686144741 -0.045437504978235253 -0.059916837317579519 0.02531227310066065
0.12269718648530539 0.040946582459053069 0.06098070913282079 0.00081573223519376746 0.01594288450256183 0.091544005590671676 -0.14998203812799801 0.14774424816595552 0.13386088973071186 -0.011749559913592231 0.09398686129900867 0.13690006591216827 0.10885941973345342 0.041699063555080754 -0.0034419263833123936 -0.061435404455216919 0.0044871231214589184 -0.13363652822242378 0.098255709345070802 -0.081241405733395666 0.090216467500378372 0.00052950277670288555 0.057806072791257858 0.013867203420604367 0.10958335386036913 -0.017956960500069424 -0.091629091252589209 0.031345821387817677 -0.06395625665871113 -0.082787862485446645 0.014065396157177747 -0.048555524317292292 -0.070357951732155657 -0.027631291753276006 -0.0084363502352541916 -0.068414916346593566 -0.0097565521264627014 -0.052945845617530796 0.074990131540677088 0.020508736580978716 -0.15931822647844432 -0.031090805801910527 -0.017547800699374345 -0.0017841072136011024 -0.015005782569206663 0.053993430671725226 0.060189489754669118 0.067834737207189119 0.047558951430454438 0.094161723776138476 -0.035302579748078683 0.031591389711289407 0.063782504847523611 -0.038754166341246794 0.016199724563720579 -0.044577306221947728 -0.021433978620059597 0.14879240832726476 0.084741085710385536 -0.079758136515202249 0.027422987898764437 0.030571982458014766 -0.0097366013124525076 0.038749629426219685
0.097626321812003786 0.064277999643485254 -0.064055974971556448 -0.049304880111169069 0.07025186217368172 -0.028680571394657822 0.20713066915863731 -0.0068902118870156903 0.017052867836654124 0.1686021943999805 0.074845403718882098 0.12044972652646395 -0.069777657058793754 0.044221183266702407 0.046937726954348696 -0.12081827239177977 -0.1156185859416953 0.12224046176059389 -0.086678061821010149 0.17142953678219369 0.14813878974470004 0.12033295047219733 -0.11151694188037818 0.038140402158891938 -0.084624154445276142 0.044406282153723838 0.0072017796272417917 0.08438588586767401 -0.13351507774556387 0.015917733080715358 -0.011267553190005485 -0.018887299404083457 0.072766927765662071 -0.026105619761460079 -0.071400424117011252 0.025422670124622817 0.0066990789132034363 0.17553050467423836 -0.093567247598942166 -0.14426429095707238 0.11370721378333165 -0.027452166855857437 -0.011366253998434994 -0.11319459543271138 -0.084005338910385433 0.031566863023203155 0.011284327859671834 -0.056770472398807663 0.16664833458200817 -0.081427232577635636 -0.070591142365269088 -0.08186418690548837 0.10474577599308386 -0.099869539327442095 0.059761375200416619 -0.041357817010738582 0.15566004492440821 0.026305099273472798 -0.083911690877611841 0.094983144558925328 -0.023272700321949058 -0.099723881532011643 -0.023075219393983337 0.22098944099925238
0.036053861504201624 0.0062033624268258668 -0.036813982449168822 0.019344094602379285 -0.024112159260250912 0.11853862370782532 0.1238516452430722 0.03709910571630979 -0.055602488072369505 -0.14226191575058733 -0.11192853164559424 0.095428988560700381 -0.1487501471541619 -0.11877536487395343 0.0057145335506247003 0.060743166077223743 -0.086427584925179574 -0.10763416754278374 0.020103054893254407 -0.079397383440042588 0.073167767434206846 -0.056116341523455342 -0.11472460368984098 -0.089340014101602028 0.1007471646304109 -0.02315014609640019 -0.078626819438455411 0.030168459414302833 -0.023873008665353825 0.027793199109541058 0.033263830596834111 -0.070945786990824142 -0.074125945721141284 0.052580340365943633 -0.1038879672956603 0.0006510145904643353 0.018059443723020967 -0.069955612495702965 0.053730602026647659 -0.049271093544420393 0.021719048132607385 -0.028365797800054972 0.046687178016354768 -0.088271535473834303 0.02176685877089991 0.07526048993662518 -0.043594768366176505 0.0010252204720263382 0.010382856092353707 0.09370609383550331 -0.011585102191345602 -0.025467974669012749 -0.048899404258240353 -0.019996531244290024 0.017328320776814621 -0.086977764749524664 0.056206449421311061 0.1038398416709372 0.059945234482519857 0.093335816351326414 -0.0026943266617917073 0.028483363062660395 0.037912533865278535 -0.064976049800608296
0.0053069322992849322 -0.12423448321463401 0.05257601899298138 -0.11612663390846403 -0.11304896406390273 -0.0058620292002264825 0.041996106567575596 -0.069517353748956678 0.038990985271610629 0.011926553953809883 0.066001351414325338 0.081629250139353599 -0.10769565204769742 0.0056993871951904994 0.034054269783015893 0.017490286912757655 0.044153726831233038 0.094256914270965872 0.069023535305487604 0.041150474714031098 -0.059285642730213833 -0.015667829365842625 0.1065117792929384 0.0017517547255095146 -0.16138860655079693 -0.034212240178487396 0.054660912679859779 0.05596276437106501 0.080292223647552466 0.018292179639205739 0.031514804302180489 0.016491627316428437 0.077210028192147714 -0.016105105384873222 0.07991629511102695 0.020014529552226001 -0.032758312867684554 0.13758097663622243 0.11139504405533779 -0.033077201110552075 0.076227819198728328 -0.067336266855758803 -0.02942494306002618 0.091273101893720995 0.055505551724670088 -0.061912500836073379 -0.048463719766469487 0.031046004028841397 0.035590829501762178 0.11503722975702611 0.00063258602360423465 -0.022327387246712661 -0.049097301675727775 -0.03544076328878748 0.024724878642253752 0.10268846847135953 -0.050447823914509991 -0.25554828249162725 -0.056538618600268813 -0.0044667778432728551 0.090394097635672729 -0.095525835167412296 -0.062066193419413516 -0.035870660199590954
0.096189058767366442 -0.0053814343042859385 -0.11384668198607152 -0.056500758714955399 -0.11542465229483327 0.026622419220416745 -0.012630566029464274 0.038493779592224442 -0.022502585457222148 -0.092517686007728681 -0.010197088507240479 -0.050477081618352092 -0.078624971950641484 0.027446349671978107 -0.017130609953377809 0.035453758727134133 0.030209131373061728 0.20487560695514262 -0.033882281818884051 0.067837661328198184 -0.11623472186960028 -0.14714166872974618 0.091362614161639225 -0.088674287118634648 0.053618083335283361 -0.064641303835175037 0.11135984164987681 0.057476332758863796 0.0047462229492908296 -0.013005658648331036 0.098428494438824718 0.042736318010245397 -0.14182349699586713 0.0087452667597059091 -0.086681359717372175 0.1608199709397061 -0.011485870771199757 -0.033606251601308132 0.054651464442274013 -0.020806977038157284 0.012872087428488598 0.12229733749024466 -0.032387908976501935 0.0043638135875127817 0.12193219783116206 0.10252553513921422 -0.030230724652623938 0.13402047088638566 0.16878467888138349 0.092901577228196336 -0.018047225226282406 -0.15553210479553173 0.025609150845495605 0.067827623279784088 0.046532844844670886 -0.052764597700642422 0.061611966853791875 -0.25518723350705536 0.068416484034680508 0.16793874492345187 0.048028749624410096 -0.016675607471102617 0.079961325974411232 -0.036822499633173723
0.025012217240318893 -0.011302248945327657 0.072141951404338933 0.030013932258426579 0.17355559555445368 -0.025999019790972602 -0.26052833415981608 0.037407852481468162 0.053881208291296667 0.068771569672319455 0.27421977635610739 0.037965557444958761 0.31326288897513738 0.078855033476935191 0.12154373808789512 -0.080707251545057493 -0.28105305705073369 0.024736122354261428 0.038280185353900639 -0.0022292903576953218 0.11885379386720073 0.049741929241036112 -0.0093372532190823289 0.068965327389681821 -0.047439810928353497 0.15116291442119176 0.19010538451423539 -0.014217611559313264 0.051699932445503936 0.12850024861673795 0.023748086057123863 0.13175523994665481 -0.057317412530157125 -0.18065093169808893 -0.015077813978490458 -0.13222864148777255 -0.099944907909669353 0.087745608917762993 0.073077855901541533 -0.090097321434679717 -0.03347771068664205 0.092868872101048217 0.036679342870990922 -0.14691981997031195 -0.050552423663013719 -0.060228489867561533 -0.21269414729576858 0.039138165954271088 0.15756278328698725 -0.023963820084334047 -0.21286658220147439 0.0065941175860266803 -0.018229897059303894 0.040130648492620706 0.1601632920198196 -0.069102022674905395 -0.044293302141231478 -0.084889711725333883 0.012998393680290732 0.082818105775141482 -0.039701715995734341 0.16764571550416149 -0.16144904772706642 -0.21092565258931892
-0.12195032678603866 -0.0071396390590598661 0.06068715084804558 0.029678266642792415 0.011338471602295163 -0.014883149528447295 0.18688324659904307 0.049405827457040107 0.0027779604142774777 -0.15293570828833683 -0.13423259472355886 -0.15590237341484622 -0.18067052298979736 0.07603802876161482 -0.038505584316975462 0.038955426322650172 0.040723945223712033 0.048246855881031336 0.085908978205048794 0.097982604883161309 -0.0484060285619069 -0.0026510244340945954 -0.031086503234809344 -0.0012236488633349477 0.067078504327298435 -0.10895572503935887 -0.18413164041990782 0.026234508469985117 -0.056199748824056102 -0.033961791013169366 0.063019361681018932 -0.079298763293615973 0.084370978799585758 0.031992613613504507 -0.055828567795625561 0.11714363641581892 0.075467576713875634 0.014924739661888309 -0.050598628580229503 0.14857409408474836 -0.035819466689889529 -0.058617582166699135 -0.0094738573803936181 0.13879059340744157 0.084987458086062631 -0.097969108618655779 -0.017388717374772465 -0.064948528408698553 0.10659903340463331 0.18211318622003952 0.016594655837230358 -0.069875870540878321 0.050737440193211497 0.057673755647279369 -0.039672636280740838 0.01851330739223897 -0.059002037597564623 0.021669260507913096 -0.087247459111269965 -0.1443415916222581 -0.0086805155347334222 0.029432177771476817 0.095225947115137363 0.10307526654337557
-0.011739325702679633 0.012353623423587503 -0.070053536756508356 -0.060936264446943188 0.0046864436546481441 0.020568542453079527 -0.13283347740312626 -0.16987865347141343 -0.0629653821672118 -0.12318735982283814 0.024717502228098383 -0.12002327748328208 0.033578158007518427 0.17105244336548525 -0.090850650952583462 0.02958582347216163 -0.014723063524990568 -0.081747120745777932 -0.010924827523766487 -0.11756457707135219 0.004136273869043347 -0.10829330041608015 0.051438865979469027 0.11348374546788778 0.14145707111074399 -0.044121409232977811 0.037270345545217902 -0.13291569479735735 0.18663506497509191 -0.10362203276160137 -0.08433739433761156 -0.058562739890235416 -0.027466778699248743 -0.026183001493177878 0.028851325977837738 0.020180020681004617 0.051556696209572039 -0.15136304150286961 -0.096426154899413016 -0.023127426211651619 -0.26779591712687267 0.068506410219652286 -0.01723288223690533 -0.02833465240494704 0.087160604535328631 -0.069308014097096554 -0.063845627574009259 -0.037615634553158611 -0.1453741537412172 0.1289889341360862 -0.0097451590747145832 0.082448124625459002 -0.069242778789759526 0.031940294909790092 -0.13431895229314822 -0.027254009056838086 -0.035634651502858286 -0.030015455821219807 -0.030829680646749173 -0.10574057626483055 -0.033380824785815499 0.0192590868678045 0.18521850964653622 -0.15780386608969788
0.12160180756706628 0.063096570761067561 -0.13582888112805191 -0.0012444721765996493 -0.050904722859271376 0.0630887230785213 -0.13144165588268283 0.022153110714238786 -0.030966103429584932 -0.071311284454628004 -0.10980378605254261 -0.17970627973955505 0.03549338606921687 0.065318843553798134 0.079096190738627642 -0.13596464979972533 -0.1396267074268541 0.018690374939205376 -0.028502002175401338 -0.071557005458019657 -0.14848896346476245 0.21032953511532421 -0.082290040772107054 -0.06785894855434825 -0.088115341583689333 0.061538618030538082 0.00029728380686462456 0.098682121611242499 0.10675128567372678 0.073987450683729999 0.03497973600602837 -0.041262285564223379 0.079374807303193851 0.0071222196988509909 -0.099110053108871485 -0.11968473886539395 0.037734206514873476 -0.18421764513410682 -0.1361772797857031 -0.20843242728025152 0.069592686720457861 -0.049701270401024178 -0.022671132024122378 0.1342646374328198 0.011601463831432896 0.028556770911227384 0.012281200513767295 -0.11338805857972628 -0.2525037789900858 -0.12625839908902689 -0.11738308118843056 0.11553230959105344 -0.048017281579890998 0.064735692502834521 -0.0820091142344017 -0.030419379515217292 0.06764298581908923 -0.063027713261821675 0.12699605723593319 -0.037082824962077564 -0.078998050387841551 0.11820936459807339 0.082806955537555904 -0.09182997920395948
-0.046988928104056894 -0.095021628722970347 0.014263142261486755 -0.13009475405144788 0.048267442445353588 -0.023215530473438578 -0.074849036564992158 0.028030005293242368 0.0038032623716745284 -0.078432021308877942 0.030494164959063118 -0.10307092576860657 -0.029017303067358027 0.056622981589692534 -0.17221080749079076 -0.088022814511594646 -0.078972939991276914 -0.063495248555271458 -0.15353081420454726 0.1159065501724237 0.12931042532845993 0.11115235016692236 0.11445977737972483 0.03276816085548806 -0.12352250732966966 0.0064597832914825718 -0.04238959567628444 -0.031228519642866399 0.11282618146034405 -0.062943121312127565 -0.04630538820359411 0.064082842807046944 -0.06538871761180981 0.11869574112708141 0.14387492081606415 0.1384833738202173 -0.012599171649925826 -0.052796337890259171 0.018060339710821504 -0.14264881672329086 0.10199684399671879 -0.0036173538084714289 -0.099200097943180812 -0.1144194202433471 -0.18784192362023036 0.062269012403078854 0.076039385820500502 -0.054449220692073377 -0.1041963386936338 0.06027611957167061 0.0011456228882679468 -0.052253256720884503 -0.062127654885114625 -0.0030766647346698078 -0.0030763024838471043 -0.1020968635787478 -0.055353875919741481 0.0057336816980289342 -0.074466189230142879 0.04035279260958699 0.14968241127549092 -0.01737957676232383 0.00054986580755621241 -0.1920376398209109
-0.0056000006879009566 0.12046178602956228 0.023171470436636445 -0.13042907917793956 0.12387733512192002 0.0010906549469216938 -0.046545822574282247 -0.044857253844737953 0.098588162014574987 -0.0021682805017668011 0.071205995627612914 0.081800093138984259 -0.033054360938566632 0.040111826232196238 -0.11050049604802563 0.10570861572441982 -0.054530693115988002 0.082967907839993527 0.0064025720500235353 0.079573531638884767 -0.059491150742923507 0.045436567403996694 0.052822063274590367 0.0023623159790163869 0.011947232883509592 0.073215337660421709 -0.083828102335297694 -0.0028340257662714304 0.082427428933908573 0.048857941933179341 0.093337212367024261 -0.014449710851055583 0.053052714520724839 -0.072221305737349861 0.014661010752002887 -0.057395322835532399 0.098823105300323663 -0.010784519473828415 0.040524589110580274 0.047107003190037182 0.04295773287050049 0.027280540890540467 -0.037851037474198136 -0.12319734854088522 0.0052721768088018935 0.010235376181082376 -0.10668803624499951 0.078498607097127193 -0.050452393964850753 -0.045142243252791085 -0.13044948948495702 -0.11132775523753154 0.054832122368749125 -0.052013144355322519 -0.048939320154863811 -0.056341807132526664 0.1030760062275025 0.0035928369404359052 0.0713500143634756 0.09413256707984119 -0.079161055932054927 0.099074524384369728 -0.023123353695419138 0.098302521642292862
0.016689923259348319 -0.19933739701270758 -0.05035063313932709 0.078309057909493954 -0.032770144022485313 0.07044790597451471 -0.049944622106075871 -0.040215817670206905 0.030245681651152229 0.17198564992294876 0.017173710209435995 -0.057053707861967062 -0.18466966361890247 -0.065233555892559719 -0.035159728100667066 0.042616969867697307 0.101825210065373 0.17012121381949466 0.12597886878694803 0.013731690386212058 -0.086841778756396718 -0.12576210141990424 0.13772303799235 -0.0076666288045088102 -0.06868044218246297 0.023792560609084842 0.081073642200982385 0.038263101571591365 0.048568952700733831 -0.0082060256009907576 0.062746914061476061 0.038775031711600544 -0.035987798794992261 -0.063435741696529296 0.0450521429111388 -0.051824639449329947 0.081785292371530441 -0.14301231135288439 0.2137241956814058 0.17849465620804147 -0.042164170956437493 0.042915143637036891 -0.024573007295790008 0.080917589925551064 0.048911203497387749 0.045100707756862986 0.010463997965443072 0.02982286515433237 0.093465963327701268 0.10233454366704688 -0.0055691284743735556 -0.018846295192047072 0.20619534934480874 -0.087494241133873052 -0.12026079320022412 0.10492008596116897 0.09486620265368742 -0.37433166391922601 -0.15182845627476044 -0.10112644831479047 -0.040515439746632111 -0.013951008836547204 0.14388479285511463 0.016025231005215496
-0.15037258071751772 0.054520840272427665 -0.078451602926152164 -0.050739033539517829 -0.09647502219548576 0.064728881286933118 -0.22303303613608511 0.11024818001921328 -0.1020408979821862 -0.018658381554897883 0.066580583542351843 -0.077005975614581071 0.2499369294900482 0.11524044036357751 0.020777624393806475 -0.023351809882878775 0.051529472856928299 0.072508719719803744 -0.07635808457336335 -0.035213465038207818 0.042808983038302974 0.21205064851503741 -0.096644189608157738 0.11194915471400199 -0.058845969740856534 -0.023383596420640061 -0.082752741650184855 -0.059312955938969798 -0.026402523663431522 0.10417282191373539 -0.065864950887370183 0.1157812771145893 0.017056557344256408 -0.028750719014211293 0.018717894550089941 -0.057042805546978666 -0.052785277916433393 -0.21245623232668825 0.10028403137174652 0.056757624092337297 -0.23079025234757108 -0.00031825440153943323 0.061680161126873516 -0.14850424383367833 0.0026272806185496447 0.042616619994429332 -0.058127499268409662 0.1203484724609049 -0.12734669472909205 -0.081442844382052917 -0.070651339614509104 0.017063377942747843 -0.067447819828748812 0.03936693098789671 0.037224289161927548 -0.025141062741131745 -0.017725947221074779 0.22201721307093653 -0.17439281828019898 -0.18040463295250916 0.072702960019474142 0.047984544384099742 -0.10075729201330136 -0.19142538686980998
-0.172106259247819 -0.046458831102208817 -0.095101337227919774 0.17145187856531807 -0.060387504242194211 0.025874477954806501 -0.11813053303707742 0.012754730391667066 -0.049894440971947299 0.16773959946784206 0.12309477268555132 0.025328064326787556 0.068983040184567704 -0.0056305709795150408 0.12092576162974855 0.0038206519964676957 0.011128052141672708 -0.078904984626587821 0.11831786165897758 0.084237092377808159 0.015784865672925225 0.12423584032943524 -0.078905353656093469 0.02101562074986877 0.031761523827328365 0.064861648212742457 0.019022851034899254 0.14873918569501463 0.09044988674076905 0.012363647648824971 0.090552098275100537 0.0061851944944718608 0.083048035679234494 -0.057346584521720492 -0.13028657349330869 -0.022414910119945536 0.081423346484478631 -0.22608907275855841 -0.057054634046532222 -0.035650992327111553 -0.19413520988328067 0.024108327515106033 0.15673892043031909 0.069438580021941657 -0.071967435971833971 -0.022410055226701496 0.09855389536955371 -0.012108532811195675 0.14432661165271704 -0.006413584958471239 -0.090938653423530025 -0.035458729056924106 0.028265421987305018 -0.15328392017611936 -0.049005387850861004 -0.079937794149632813 -0.035152871623349902 0.074870146960950262 -0.026139673711211637 -0.049631760341511302 -0.012878753406378301 0.0015537108656660963 0.13540432319879958 -0.00034832039035160911
-0.064791556354325056 -0.048704462295978489 0.13697542012533578 -0.070948268147487947 -0.11024604795251139 -0.02900968003058129 0.071141406242274996 0.0089904168704466273 0.091101795187842144 -0.047024717107197515 0.014636847667251849 0.14034708351435257 -0.05886995647782587 -0.065263261678410331 -0.056914158490449389 0.069534523767729978 -0.14488021130413822 -0.01314077982487335 0.098577082388672493 -0.046309581045007008 0.054166326985285389 -0.042461507117975666 0.031191504763045476 -0.0062820528186562363 -0.054687287866817653 0.025286154798283608 0.14815756696863414 -0.033111955334209249 0.0237005364464456 0.03862460113159296 -0.0025448586669748882 -0.10550820453452059 0.010999531675591969 0.13177031155325702 -0.1008969115060214 -0.1325255483659612 -0.1489296853534092 0.084347773446269453 -0.033327985084406535 -0.042537536627775763 0.18932513408632029 -0.016014888444682931 -0.031475288333904776 0.0021959243815961016 -0.063653528235586718 -0.067445770290715398 0.022681328480837287 0.022976020214497985 -0.076626121755820023 0.053182056958983599 0.04765875035219605 -0.078756350428380348 0.068829147870542812 0.043458432355648564 -0.096299351372025985 -0.12608502244018144 -0.077685731807019348 0.0078897215752977302 0.040542143150920099 0.10115616258565398 -0.075689482958299442 0.084336967688052072 0.021606403567138891 -0.060033463818774113
-0.060159005759895058 0.030434050482447426 0.0072652726802155199 0.011570759438902335 -0.13335481006692226 -0.053925882229407911 -0.038848568845829753 -0.00088850000975241293 0.096212638725388669 -0.073960194087244094 0.037087262595325243 -0.094740519556283945 0.043410431424645478 0.084369217588495249 -0.11723235849505123 0.033310583241164024 -0.1235649861724922 0.052315097480834467 -0.027067642395924619 -0.084064958648768534 -0.10671151851433744 0.14662158748999601 0.046490569572901243 -0.17285254543926229 -0.01065436672453402 0.040600268376543756 0.10810076554224321 0.17959518909931776 0.081973032035505808 -0.038238367773708273 -0.093312178231363535 0.13239920605678934 0.05632059933016445 0.0031314005532811417 0.1619953266760091 -0.084264720811507751 0.050779511830763215 0.0057959980817790151 -0.0022593177978272845 -0.19618500127007088 0.14961148623639359 0.27189199555103938 -0.068938767782851559 -0.12374510395968573 -0.0022794058175707984 0.09864553926668769 -0.056970231671301379 0.050770417207529561 -0.11824119080582063 0.06778606430323296 0.033863001609188384 -0.080332572460284829 -0.024385005322991607 0.083938278428604921 0.040513427209721432 0.0052422775501455689 0.056453270886356904 -0.035665438145883153 -0.14693972195093619 -0.0077536005740904031 -0.031811142028898218 -0.068468456167800798 0.026194025460982769 -0.10945247818948142
-0.042154362112097034 -0.068334203222602932 0.12769151395809719 -0.090597332748849138 0.031338516980982674 0.083661054283708097 -0.06313688881540995 -0.07130733757484542 -0.1003803531034131 0.024148585171118151 -0.06299146642877726 -0.00069978737296311417 0.096312143756447879 -0.032281328452244379 0.064089568208640965 0.01788812619275551 -0.076500116874418614 -0.12387629183537988 0.015384027068697971 -0.11724099865137827 0.048664723399064733 -0.04116365906162843 0.051502851112682817 -0.018386798332304142 -0.041665771678200514 0.013941495009676503 -0.072701962123070105 0.012756649993531526 -0.040261908547444193 0.049525290131934768 0.06029578939939538 0.079466789309910441 -0.024090378572046219 0.063493322169038982 -0.085849346647945912 -0.11841288685514934 0.0021474261025340841 -0.10447886760812135 -0.11360723452633235 0.05225794830605817 0.073174218073224717 -0.014553025227153986 0.0097042936347871891 -0.071067339983981875 0.061867523529726937 0.017761648418299858 -0.010054086484050876 0.094873650154589262 -0.041561227356168497 -0.018519178122294748 -0.058136265108727651 0.10366739585078359 0.09385014040371556 0.12805080503662492 0.11440382065938542 0.047603101336474482 -0.064642335203146536 -0.024702968916598254 0.038728082052151239 -0.086906237104753509 0.077346347301534737 0.022029590360679769 -0.0010350209016010531 -0.11587205350622992
0.096912050972760705 -0.085379935165458776 -0.022000395757663768 0.050549961041281753 -0.032168991438845822 -0.021042584919593606 0.022998333398530517 -0.077664155432648513 0.13654833709870909 0.10435536486278482 0.03116390124559212 0.042721249850257076 -0.12581516349846036 -0.11919842894354676 -0.028177870640207481 -0.083613859138842644 -0.10794525925541701 0.14883301547536867 0.07424753283685892 0.091794527330965825 -0.10711679728471739 0.070668289846591514 -0.001894238301632722 -0.031448368690688282 -0.024718523995544164 0.07550950738473787 -0.069169136962809227 0.11404689430283546 -0.07789070188242303 0.034062604053409433 -0.12189761176922706 -0.0096631632725163469 -0.081082858711153394 -0.051095520713493915 -0.055617610748237657 0.028547866200509222 -0.092395389426364438 -0.0039700146383945187 0.12680039001744955 0.033132239201462826 -0.068343746333903041 0.01033335603410151 0.044521106083432786 -0.0055721396658819046 0.043587190368855451 -0.02222992319700753 0.028032460006543868 -0.059797910056732684 -0.020778448389949689 0.065360762840772565 -0.089097492114135299 0.043895128618299875 0.12218567912577769 -0.04523469678401535 -0.046856881472267929 0.10026844028033927 0.0022529524793665325 -0.08380375214254554 0.061453024492440361 0.043627955602563238 -0.052164286062981687 0.018119577187682947 0.085325339156813493 0.027156345098157487
-0.1466855353923979 0.0042410909741196915 -0.053717503776355827 0.0053136912305902966 0.0040284460950535533 0.042276470983469316 -0.13216903572337388 -0.047080818774226034 -0.025340727712890771 -0.030559932721504368 -0.021933541259116198 -0.037976012080010814 0.13370857043697634 0.089697700244380119 0.029421228153770275 0.037227885026128726 0.0012558600133638252 0.1474556570383273 0.072730852509728119 0.0048648266941642201 -0.11875692973222778 0.18003601642972139 -0.081784735183898713 0.0024287725362539948 -0.15348476587889581 -0.066906001680229116 0.085167064446754773 -0.010664100790457286 0.11088318094346104 -0.06554187606561393 0.030191378810144255 0.027889425930615417 -0.039929722377558284 0.054820857086819101 -0.049387536757824174 -0.06645787516235073 -0.12852077912060386 -0.028832596288087087 0.088863174895468383 -0.098650156665438096 0.088289270365658548 0.049895924129959371 -0.039956392052674206 0.012286004315753858 -0.03346563854940203 -0.0016482284895525171 0.041665121431144252 -0.020696698397002344 -0.065343169566628639 0.092928040403299952 -0.10985400899361794 -0.034770291247822327 0.028426824434836816 -0.036659355315011743 -0.022605467185453504 0.024316231527165812 -0.01729308584993362 -0.05381764386541648 0.10469437776299025 0.028925797557040459 -0.073225287929361504 0.083803227463320876 -0.018058841845313048 -0.11862406694763311
0.012027945271882511 0.15381177960325193 0.099505701177518571 0.10683399567730166 -0.10681169354065805 0.025071921695149952 -0.35503102798143099 -0.00072068527872863261 0.1019454625698413 0.055638586507934691 -0.06458248236243079 -0.10989685971481766 0.04447429938938631 -0.086866573507367345 -0.035313864452370058 -0.095811230334455683 -0.067533719947601295 -0.035010750728414156 0.062272247712400378 0.096436746874538584 -0.030828250297423813 0.021017468676555989 -0.035500722047835637 0.02334574345017339 -0.044783371023286139 0.013346302441494848 -0.019680756687280664 0.02119798607370757 -0.12247253160063951 -0.12230533892454434 -0.055559090220175751 0.015577125194605284 0.094061074441790876 -0.017577967006258067 0.0099322743150537483 0.027454491986647699 -0.12991255238176863 -0.1386563814988358 0.036757185073002831 0.025324355959726253 -0.14040452691594005 0.13589631397503574 -0.050030364697957103 -0.029411075482861967 0.012925751540854454 -0.015880724504178059 0.0093170237568873278 0.086528178801563896 -0.17377699334436233 -0.0059073798064989899 -0.069833390810232501 -0.064008261990150986 -0.14560224521092338 -0.11284136963347792 0.1497675523343325 -0.082410744600364016 0.0046454457513596661 0.14814091545152305 -0.063293298416538663 -0.047879809169801973 0.028148164910746145 -0.026114912290216098 -0.011223079609607521 -0.099320905003633317
-0.14947344300529247 -0.050428666161055874 0.11937417068826604 -0.069454631897119257 -0.04390968002187514 -0.061266426339654609 0.18071705306995695 0.020597548390948028 -0.058931527955311633 0.12065478262005064 0.064687977832458679 0.078290464051066211 -0.074059370651828868 -0.10812955014419144 0.0066820999823729898 0.035835349948987363 0.04676327701232641 -0.026149936582560433 0.023916275855133267 -0.038464785115106266 0.05563424447037682 -0.21058526115434856 -0.033632712431752469 0.082227060173999972 -0.093946803694668415 -0.037731382362272976 0.061820558862125223 -0.052809370313519025 -0.044546666564063676 0.019086991758467377 -0.048741211225453593 0.058580901970061897 -0.035335097771860148 0.15747398454428399 -0.037243551937493284 0.047350845042083547 0.092288900241474972 0.18839883337526026 0.14120889988545424 -0.068000482173884977 0.12113297391602426 -0.18411103943760013 0.097482126107515429 0.10307838798336548 -0.040407758397225185 -0.020393914043547751 0.1189446548646213 0.075431253340241575 0.072794800629954665 0.043598906605837949 -0.029356270517833214 -0.0826405766453088 0.0022756916711244683 0.06425450555662171 0.078452343867919411 -0.036536576731579701 -0.10776818978226652 -0.15323177033240626 0.072047544584578294 -0.036627709051339954 -0.015649803755833625 -0.093466402422525699 0.040677797975891501 0.11374633600389719
-0.078586447029599715 0.0036237675409049575 0.086907338832506745 0.0034440843137866217 0.029632917889623456 -0.032838524533800026 -0.11437781688487771 -0.075543382922380484 0.024904452848630958 -0.10317525403364267 0.10781317428069172 -0.027239354110894488 0.10596419291008037 -0.018088442446112692 0.071015759850134155 -0.043265229756559699 -0.038877548067840724 -0.0497586213887765 -0.024119221877101558 0.14386516437269625 0.091302426512521392 -0.24594913232657001 -0.059814751231406081 -0.14956344201513957 -0.030470799967505364 0.034269947955653607 0.0025623749696033703 0.028038775633329911 0.056189196685273946 0.037091634234321096 0.066089400371216425 -0.060569374897813132 0.079573838769782593 -0.029412358823504757 -0.085023742881098568 -0.065613906852307891 0.024803751178479324 -0.099613852380057419 -0.046309130132241638 -0.062573639934037209 -0.0068842449798464413 0.0016572942173754439 0.035012636900211773 -0.013015286919614908 -0.079899186502897943 -0.0090339774283138864 -0.073213846239697358 -0.062045726706613118 -0.10565707360196341 -0.037532350052496326 0.067341851427322352 0.088151270937717449 0.070667277179169916 0.14430568876470554 -0.12748237509402072 -0.039420130581665602 0.078452016365917074 -0.0058079576625739955 0.030881231297917738 -0.080934414045906469 -0.030995651635238843 -0.11144332132328481 -0.10332557372293816 0.061735059272924775
0.10336310885904836 0.063228756533518699 -0.050542337658904833 -0.065865221097362897 -0.033709540177322035 -0.087103000527524885 0.078129299972506228 -0.11601669331022922 0.10113518359222273 -0.14957219961374518 -0.078038522368475097 0.067450846414456783 -0.19214590693708047 0.02292858462718602 0.082858323897164285 0.086471090734704728 0.12550153287051263 -0.038363826466505407 0.012208510787380753 0.051986023249848398 -0.054006108287758293 -0.13487042772252647 0.075603847443525121 0.079386253158854184 0.067898477031503049 0.049757923263543162 -0.031956289228832528 -0.014373542043589371 -0.007403106669993503 0.048378918752248846 -0.032567512957005239 0.04212393118275165 -0.077313204104548935 -0.059368674499752326 0.035431673257391071 0.021394522649365116 0.0746491531476315 -0.053993276709661232 0.041588601608297956 0.14826104332948495 -0.038368338578694747 -0.061349535529605183 -0.12718682069673132 0.060617501655341598 0.012374655856271068 0.059759260988813914 0.10701623626269932 -0.020560713821194402 0.043040902893772735 0.12785684034904291 0.12483318207488213 -0.12132617120259169 0.034118231920614285 0.11846458543123922 0.058814518504047654 -0.11100983604136988 0.025156928651475959 -0.059212499579378436 0.088434887245812902 -0.087871551271504408 0.028796016659053701 0.00085834784124247019 -0.017455949356042024 0.12616274767247043
0.037480680570087813 -0.025729460472626243 -0.060597339760680005 -0.045112180024254371 -0.020217608398322772 0.039936535131094297 -0.13891154642452261 -0.10054546514576136 0.044512900320682593 -0.022241476762000861 0.11162853615572946 -0.019983587249381589 0.16928109545570277 0.0017404695412787279 0.031725133923693943 0.078950773764802779 -0.14681701971877278 0.032354133364527901 0.033620914976417837 -0.042385472086957081 0.034134853925796932 0.091673261954463847 0.041742416521930989 0.089366693905650829 0.096499147821814096 -0.039504618166946795 0.12602394362141392 0.064211698979633747 0.080929774180314246 0.068462154861871169 0.068740541530182137 0.097407734011992306 0.0098120523775262897 -0.19394480681020743 0.1048371028682709 -0.066444729448592282 -0.092047077892755458 -0.03869604461407062 0.013278458088921346 0.022249449626766296 -0.10995505664614967 -0.0085157498007561346 0.15412128743449047 0.12986905876825455 0.11891350457773273 0.07691070522902857 -0.075907960453317339 0.054433360535898444 -0.092173645625677522 0.020262247606109576 -0.17797511071536354 -0.084563756448983979 -0.14533569844004834 0.015986104558863408 0.038936378802020305 -0.042234602273544947 0.0092523455802562757 0.018386869966115667 -0.019777195282011422 -0.11967417276159265 -0.084914257434326651 -0.1141230776764162 -0.043117995931440889 -0.01952725595696489
-0.06292107636254643 -0.054936248796230935 -0.010070131693383671 0.016377315998227903 -0.074405659808982672 0.038726841327047845 0.19031283426842996 0.03653837362149967 0.00076971832199475168 -0.030848500255798068 -0.00067499286998407341 -0.00060239252987748411 -0.13816158116605592 -0.035290994242401896 -0.0063893843242865825 -0.11395046198809457 -0.086695424803742246 0.1507761461183684 -0.07108798679067721 0.016213946712398453 -0.16752735022188819 -0.010122377575494305 0.071171622002173807 0.053073051038085392 -0.1171303036954955 -0.018925675030390925 0.03879355975149322 0.036143244315455174 0.016982837869462069 -0.028608849080509192 0.024974960107610938 -0.019987083979161647 -0.05609059619787176 -0.10910698958648009 0.091391067628072545 0.013745651208796157 0.022861066349793509 -0.010037755297485882 -0.0069113817512723068 -0.11761410815106137 0.033351201502552434 -0.057599638042719885 0.0050472260712247771 0.12192890108697489 -0.10018400145661936 0.049477101616902858 0.077827614070319448 0.013036977456607904 0.0027588608959734631 0.015442347667990259 -0.059789592606415268 0.027455092265679232 -0.035151010614039219 -0.025240334031846643 -0.04159303137797063 -0.082193223070637755 0.033597143180713336 -0.24814293402324644 -0.042154440435762316 0.11275965644005274 0.052507144101843935 0.043816279432389131 -0.058250582435677031 0.16082807076210076
0.055958541701437062 0.08395210528761432 -0.046565947256054389 0.11128916288566901 0.0088085462670285768 -0.046799175115706311 -0.45616394410750732 0.027701929906765659 -0.020226322702165945 -0.096393863449508982 0.060686046766799062 0.014615316498219313 0.31044680857179485 -0.14812860344297371 -0.059935333848971491 0.077750504045832475 -0.017550614960045959 -0.011561727968895286 0.027949086828954559 0.11111454152776404 -0.19536173069695956 0.23002077602720522 0.098530897602668074 0.0078719019645026398 0.01240509968046468 0.014546818136895467 -0.12634190349792149 0.094338405924793339 -0.028015025665020375 0.030952948988274175 -0.0005685423218455242 0.027760571000306735 0.10087430480090377 0.05853576380341903 0.033268067335125696 -0.01522253305325858 -0.10838823652138818 -0.12174033882960017 -0.044067425734298872 -0.14549839523573396 -0.034422562508154973 0.34612758063889393 0.058461929987890016 -0.11860978156727836 -0.13441066730744816 0.0063966927167113212 0.017558810608183772 -0.037209928240803894 -0.28063678602656544 -0.021638693582819616 0.0019928790260871393 0.030056385751127766 -0.10477539950030501 0.07147962666433165 0.021776443400781172 -0.10585923404030817 0.026913245940261864 0.17195991336684224 -0.0027358618950837584 -0.24010593244203671 0.019722371446651534 -0.0069898120792444172 -0.10816346518581015 -0.12365537462021606
0.58947350531846121 -0.47100895959570843 0.38589734021389122 0.24722861856510392 -0.13380527058224934 0.12903139266109059 -0.12675825841964314 -0.093531360476688877 0.1696757631081337 -0.43574480660964066 -0.18178986122794077 -0.021852333346582056 -0.093822474675657144 -0.16075012085428764 0.19670676203084439 -0.0052868285222029019 -0.080427917402632956 0.044428819763014819 -0.14847209657131394 0.062553487653150899 -0.35343402443198391 -0.10660996475482083 0.01379005600070762 -0.2584158991528413 -0.20669921936049879 -0.60099737449617474 -0.05774063001117799 -0.1630628133484702 0.29374816747661353 -0.21015771790910406 0.32864295013164668 -0.088085282020359215 -0.012640505514810073 0.33156960092473925 -0.048940594710038601 -0.12928966169876727 -0.17592222799800511 0.047436605485049195 -0.2423741461517617 -0.3125092063250306 0.089652584266467231 0.03151443351996211 -0.03779976642400832 -0.40158769387956289 -0.04825335450859447 0.21041636935217536 0.1871167309998481 0.10696659914037736 -0.0039130759773446351 -0.14435899410651382 0.17279311081642135 -0.13096926507096163 0.14676563168591389 0.27570864203652018 -0.082826324244474378 0.051087697149724873 0.12236777427581579 0.32992583610849535 -0.10258097391100642 0.096594833844992914 -0.12431506323066487 -0.14285184090282124 -0.086060564593701316 0.64380549912994034
64 4
-101.36382972272449 -74.201970975041675 -104.9829286342966 -84.395651537596109 37.157008080409312 171.70925328637534 92.293625851115237 78.591223747911641 -30.637011628194788 122.72674528212769 44.40191022321374 -60.220747111240719 -34.480755856571918 22.674333626556507 -77.029153135423201 154.33401785236924 42.067785932590745 -61.495540459582166 53.123171720817822 -42.515051965403458 105.81235230449802 4.146112708899552 -73.851735685997127 38.20865614118982 77.882711886887336 164.96779985122618 -61.405106259303892 -9.1338541310411312 -125.9164901742171 0.67275204614557471 -77.764039485781723 72.766591311376573 -54.834907733629045 42.840743998946316 -103.84436083934298 -41.788919472568047 133.73678639912453 -47.207985205962849 -70.383323080060464 114.60892319404302 6.1111713790367395 32.895270937622882 31.01659651924621 -26.766627869353904 2.5288205450268535 -132.03471860241405 -22.523557062503659 -49.582821405612599 6.9632927480487616 -33.007850413157755 -77.827730801856632 -4.7357303061865546 48.455152120120488 -17.036897165248597 -20.79184845660512 6.3278263034875906 1.5726706923354845 -95.598860046437466 41.245683264419313 -82.176774667941586 -4.0216212432916896 -50.559918599398344 59.384032784030119 -161.93565302048265
137.81350979455578 48.399032573921851 56.982504075337097 -47.241331027390473 -5.8029058537914207 32.018479837403284 -36.283480334420673 -109.50339971977475 27.501841115923835 -58.716980765326817 -85.249113769876629 -21.3273092986725 87.69523699544601 -91.472407704086208 38.154608358195013 -10.152249617958631 -38.554078079947146 1.0518186751296821 -23.233566579975115 -32.815244726831772 -51.396695789834524 89.40147703990985 108.36945182796737 -109.32938534758217 -42.125361123961994 40.793637048215686 98.822755640470078 13.907077057440532 -0.7078957754884353 6.5731391103107777 61.713676882808116 47.203362543903317 10.823384228961396 63.931223896339624 -21.535897921131109 -1.3406789638850383 -51.248284342936913 -8.9430002877207588 -5.0325809690915975 25.213120661077859 -11.545259204139663 -10.09953327557583 -37.457906665867512 170.51693113334079 -70.385789873113794 29.767223734106615 97.074921146726439 -2.2604982098537381 27.633818828300075 -30.27049089141191 62.12016170522454 -18.363900497883773 34.954259338286469 69.804375673820459 11.220295014796516 0.9864374094193552 57.896162293939049 51.892778314041401 -31.173752999347577 3.5042289366057275 -91.396507999433027 34.353268740133601 -34.905740192259685 110.90805409793238
-3939.8039565806844 -1918.4052836923313 -2530.9937358329103 -1358.2022581278341 909.6331247767971 2868.1880625921435 1345.6891047987331 2747.0015297482032 -917.06301121671891 2569.1759060879713 1360.817039572006 -936.02219268648707 -1611.0673402938744 1483.8334895079149 -1804.8381731617744 2796.9641372459796 952.92521523931748 -1445.4581632378818 1415.7626589071924 -159.4842774752988 2433.3605148355659 -1015.575093490115 -2441.3575557455742 1511.7893760715069 1912.0519432136268 2867.7446469585916 -2006.2360449845226 -738.23431627668219 -2065.3673580856052 437.83048093257531 -1908.0310518929871 955.81799432356638 -749.22541775787045 106.8929312376397 -1784.4719386809236 -483.61513475911642 2773.154713625735 -1068.9323224640436 -726.42755232434286 2113.9685418443992 38.950595694916039 491.73497909140519 708.94300393265837 -2457.3701173019126 899.49389811822937 -2447.7501379873988 -1738.6984581076938 -823.99183612865897 -13.608065206410979 -24.874954821008018 -2061.4877293810669 -70.099638434266311 95.101655932176371 -1170.9863884142815 -584.36180797561167 102.92915325217538 -623.09744373548085 -1978.8466494008203 1448.2658392248434 -1191.2570836031737 610.91687420239475 -1449.2268532197534 1613.7163567575208 -3957.0508926243419
0.037312094345182976 0.25707061092367928 -0.0026169947987333929 -0.017172837012345937 -0.0025927727602910694 0.083332880638335161 0.054852887630169052 0.024227564128760731 0.048622858138443553 -0.0016271217184242774 0.019642232767178115 0.032998666196700527 0.053764331929613586 -0.13545756796195987 -0.0098043558241609572 -5.9129588126470968e-05 -0.052561109975637635 0.13742975279875372 0.08910112710371422 -0.058743605346584918 -0.09215334441615268 -0.048990040615397613 -0.00082029016706774147 -0.0011203090404221351 -0.02265676627720304 0.0291541092166244 0.011386478626931918 -0.078864941772371466 -0.0054748832109178481 -0.047438575820108478 0.052357078857300371 0.051597658665885608 -0.022759799558732394 0.0640303595458738 -0.054506917460870129 0.021636570737338368 -0.016105244258123395 -0.010580174667461438 -0.061906399269580616 -0.0013582675868480077 -0.0010234001652722226 0.11794443618585959 0.060793181090096314 -0.016863271812045291 -0.0094923948317465652 -0.038550764909501073 0.0048378330240872059 0.007609550542680402 -0.011047606034471323 0.13426327002937483 -0.066544162525556616 -0.0052925016152593363 0.052397782080394702 0.052141808265566261 -0.020641557509969263 0.05962191981302941 0.039546268396730873 -0.021007731510325301 0.052417574668042401 -0.00073934300792707463 -0.021008879662919578 -0.0094812204707762724 0.071313993045260704 0.0027640852558527725
588.72296520040391 -127.57632565731265 12303.593393487128 1.0043406645488742
